subject_id,subject_name,professor,user_grade,wishlist_actions,timetable_actions,unique_users
9207,영화속으로들어간클래식음악,김상림,2,16,32,42
9155,MBTI로찾아가는나의책,박상원,2,17,30,39
9300,대중매체속바이오테크놀로지,예정용,1,18,23,39
9376,예술과친구하기,이계원,2,10,29,38
10631,데이터프로그래밍,이장호,2,5,37,37
9300,대중매체속바이오테크놀로지,예정용,2,12,27,33
9155,MBTI로찾아가는나의책,박상원,1,16,16,30
9327,배움특강,학생취업처,2,11,21,29
10857,캡스턴디자인1,홍연찬,4,12,21,29
9300,대중매체속바이오테크놀로지,예정용,4,8,25,28
10823,복소함수및벡터,구경헌,2,12,23,28
9045,(HUSS국립부경대)과거사청산과포용의문화,미배정,1,23,9,27
9199,심리학의이해,서신화,2,12,16,27
10933,공학수학 1,김영진,2,6,26,26
9206,영화속바이러스의이해,예정용,2,14,13,25
9201,심리학의이해,서신화,2,9,16,24
9795,유기화학(1),박경민,2,4,24,24
10281,기초기능해부학,전경규,2,3,23,24
10633,자료구조,안재균,2,7,20,24
10635,Java언어,허혜선,2,2,24,24
10836,전자기학,서정현,2,10,19,24
10859,고체전자소자,김태훈,4,6,22,24
9155,MBTI로찾아가는나의책,박상원,3,8,18,23
9207,영화속으로들어간클래식음악,김상림,3,6,18,23
10286,스포츠사회학,임새미,2,1,22,23
10552,마이크로컨트롤러구조,황광일,2,4,23,23
10554,통신기초,김현범,2,4,23,23
9207,영화속으로들어간클래식음악,김상림,1,10,17,22
9258,K컬처와한국사상,교육혁신본부,2,7,16,22
9374,영화로배우는독성학개론,예정용,3,6,18,22
9794,물리화학,양기석,2,5,21,22
10551,데이터구조,강석훈,2,4,22,22
10584,리눅스기초및프로그래밍,김영필,2,5,19,22
10824,스마트시스템입문,김영현,2,9,18,22
10875,전자기학(1),이우찬,2,6,21,22
10939,공업열역학1,김상문,2,6,20,22
9200,심리학의이해,박준성,2,11,13,21
9300,대중매체속바이오테크놀로지,예정용,3,5,19,21
10638,디지털공학,김우일,2,5,19,21
10778,확정적경영과학,이종헌,2,4,19,21
10779,데이터베이스,이세린,2,5,18,21
11017,국제무역론,이윤,2,7,17,21
9198,심리학의이해,박준성,2,10,12,20
9206,영화속바이러스의이해,예정용,1,11,11,20
9207,영화속으로들어간클래식음악,김상림,4,8,16,20
9325,미생물학입문,교육혁신본부,2,2,19,20
9355,스토리텔링뮤직,김규,2,9,13,20
9375,영화예술과문화생활,박근수,2,8,14,20
9684,민사소송법(1),김호,3,10,16,20
10553,데이터사이언스기초,강우철,2,3,20,20
10583,회로이론,전현채,2,5,17,20
10634,자료구조,안재균,2,3,19,20
10641,시뮬레이션 기초 및 실습,김지범,2,5,19,20
10708,화학공학양론,김종우,2,3,20,20
10774,확률및통계(1),류도현,2,5,18,20
10851,신호및시스템,변상원,3,10,16,20
10852,신호및시스템,변상원,3,12,14,20
10877,회로이론(1),정영식,2,7,18,20
10943,기계재료,이태선,2,3,20,20
12151,모두의인공지능,OCU,2,2,20,20
9302,동물과인간사회,이종구,1,12,9,19
9376,예술과친구하기,이계원,1,10,10,19
9383,음악과스토리텔링으로읽는글로벌KCulture,김규,2,11,14,19
9798,식품공학개론,서명지,2,4,18,19
10579,데이터베이스,우요섭,2,4,16,19
10704,공학수학 1,윤정식,2,3,19,19
10705,물리화학 1,권오중,2,2,19,19
10706,유기화학 1,김진호,2,3,19,19
10839,반도체소자,정은교,3,11,13,19
10845,전자회로,유종근,3,9,14,19
11071,화폐금융론,황상연,3,0,19,19
9154,INU전공탐구,융합자유전공대학,1,8,11,18
9246,3D모션캡쳐와관련기술의적용,교육혁신본부,2,3,16,18
9796,미생물공학,이동택,2,4,18,18
10287,운동생리학,이세원,2,4,15,18
10776,인간공학,최서빈,2,3,17,18
10936,고체역학1,박동삼,2,6,15,18
10945,전기전자공학개론,김태우,2,3,18,18
9108,커리어로드맵,취업경력개발원,4,1,16,17
9199,심리학의이해,서신화,1,7,11,17
9199,심리학의이해,서신화,3,8,10,17
9201,심리학의이해,서신화,3,7,11,17
9288,기업가정신,창업지원단,3,3,16,17
9319,물류의이해,김우중,2,10,11,17
9434,한국전근대사의이해,신유아,2,6,12,17
9436,한반도와유라시아,조형진,2,6,12,17
9745,거시경제론,김부용,2,1,17,17
10711,반응공학,노윤호,3,2,17,17
10800,회로이론,김태훈,2,8,13,17
10838,프로그래밍언어,최욱,2,5,14,17
10840,반도체소자,정은교,3,10,12,17
10853,인공지능,조환호,3,9,13,17
10861,제어공학,유세선,4,8,12,17
10868,공학수학(1),안덕주,2,5,15,17
11025,물류개론,안영효,2,8,14,17
11215,서양복식사,장인우,2,0,17,17
9116,핵심취업전략특강,취업경력개발원,4,7,11,16
9155,MBTI로찾아가는나의책,박상원,4,9,9,16
9194,서양의역사와문화,안창모,2,8,10,16
9201,심리학의이해,서신화,1,7,13,16
9275,결혼과가족,류민영,2,8,8,16
9288,기업가정신,창업지원단,1,7,11,16
9317,문화예술로배우는생명의기원,예정용,2,10,10,16
9331,사고력향상법,박동명,2,8,11,16
9366,역사초보자를위한한국사엿보기,교육혁신본부,2,4,14,16
9376,예술과친구하기,이계원,3,2,14,16
9685,형사소송법,정배근,3,7,13,16
10591,통신공학이론,이병주,3,4,14,16
10651,운영체제,한재현,3,7,13,16
10830,디지털실험,이경순,2,7,13,16
10850,전자회로실험,이병진,3,6,12,16
10854,인공지능,조환호,3,11,7,16
10858,캡스턴디자인1,홍연찬,4,9,9,16
10869,공학수학(1),안덕주,2,7,14,16
10889,전력전자공학,최현규,3,2,15,16
11021,금융경제학,김준식,2,6,14,16
11219,패션드로잉과도식화,박은경,2,0,16,16
12150,마음을읽어주는미술치료,OCU,3,3,13,16
9089,INU 리더십특강,취업경력개발원,4,7,8,15
9175,기초스페인어,문성주,2,6,12,15
9202,심리학의이해,서신화,2,7,8,15
9208,위대한개츠비와그의친구들,남정현,2,6,10,15
9246,3D모션캡쳐와관련기술의적용,교육혁신본부,1,6,13,15
9284,교과서에서만나지못한조선의역사,교육혁신본부,2,2,13,15
9302,동물과인간사회,이종구,2,8,8,15
9327,배움특강,학생취업처,4,7,11,15
9341,생활속의경제원리,오경희,2,8,10,15
9374,영화로배우는독성학개론,예정용,1,6,10,15
9746,국제무역론,한도숙,2,1,15,15
10282,웨이트트레이닝기초,김연휘,2,1,14,15
10297,Sport Management,홍진배,3,6,13,15
10642,정보보호개론,민병준,2,4,13,15
10644,기계학습,이상엽,3,6,15,15
10670,클라우드컴퓨팅,이승수,4,6,13,15
10775,인간공학,최서빈,2,6,11,15
10812,물리(1),김말진,1,6,14,15
10829,디지털실험,김영현,2,7,11,15
10881,전기에너지와이노베이션,김학만,2,6,14,15
10892,에너지발생 및 운용,김용하,3,2,15,15
11033,국제무역보험론,김규진,3,5,13,15
11058,경제사,양준호,2,3,14,15
12152,4차산업혁명기술과자동차이야기,OCU,2,0,15,15
9090,NCS의 이해,취업경력개발원,4,6,12,14
9092,공직사회의이해,미배정,4,6,10,14
9200,심리학의이해,박준성,1,8,7,14
9200,심리학의이해,박준성,3,8,8,14
9206,영화속바이러스의이해,예정용,3,7,10,14
9226,차라투스트라춤추는별이되어라,송대현,2,6,9,14
9288,기업가정신,창업지원단,2,4,10,14
9325,미생물학입문,교육혁신본부,3,2,13,14
9337,삶과천문학,김민수,1,10,6,14
9345,성격과인간심리의이해,서신화,2,9,7,14
9356,스토리텔링뮤직,김규,2,8,7,14
9374,영화로배우는독성학개론,예정용,2,5,10,14
9375,영화예술과문화생활,박근수,3,6,11,14
9379,우리가살고있는신비한지구,최윤성,2,5,10,14
10288,운동생리학,이세원,2,1,14,14
10464,원가회계,최평국,2,2,14,14
10517,전략경영,박현준,3,6,11,14
10594,데이터통신,이기영,3,4,12,14
10654,데이터통신,최승식,3,4,13,14
10682,재료역학,한유성,2,1,14,14
10683,전기회로,조영욱,2,1,14,14
10709,화학공학입문,노윤호,2,2,13,14
10799,회로이론,박창주,2,5,11,14
10835,전자기학,서정현,2,7,8,14
10840,반도체소자,정은교,4,4,10,14
10870,전기.전자기초실험,김준석,2,6,10,14
11018,국제무역론,이윤,2,4,12,14
11023,물류개론,안영효,2,3,11,14
11059,미시경제학,오태희,2,3,13,14
11882,대학영어회화1,"캘럼 맥코
트",2,1,14,14
9046,(HUSS대구대)오디세이프로젝트3전쟁과평화,미배정,1,12,3,13
9254,Introduction to Film and Media Studies,조지민,2,7,9,13
9280,경제적자유를위한투자기술,유영태,2,4,9,13
9321,물의위기와환경,이민수,2,3,11,13
9337,삶과천문학,김민수,2,6,7,13
9339,생활법률,이윤희,2,9,5,13
9345,성격과인간심리의이해,서신화,3,6,9,13
9380,우리가살고있는신비한지구,최윤성,2,4,10,13
9683,민사소송법(1),김호,3,6,9,13
9688,국제투자법,장석영,3,6,10,13
10380,GUI디자인,이운형,2,3,12,13
10499,MIS개론,김태훈,4,5,11,13
10521,광고론,윤태웅,3,3,12,13
10577,ICT공학수학,이종길,2,2,11,13
10681,공업수학(2),윤종윤,2,1,13,13
10752,에너지재료공학개론,이미경,2,1,12,13
10777,확정적경영과학,이종헌,2,5,10,13
10781,제품개발프로세스,박기정,3,5,10,13
10783,품질공학,정영배,3,6,10,13
10816,선형대수학,변윤식,1,7,8,13
10819,소프트웨어입문,김교선,1,6,9,13
10873,전기.전자기초실험,김용하,2,6,8,13
10876,회로이론(1),정영식,2,4,9,13
10896,무선에너지변환,안덕주,4,3,11,13
10940,공업열역학1,김상문,2,4,11,13
10958,기계진동,남동호,3,2,12,13
10966,MEMS개론,김경태,4,3,12,13
11277,현대물리학(1),박승룡,2,1,13,13
12151,모두의인공지능,OCU,3,3,11,13
9104,창업마케팅AtoZ,최병조,4,5,7,12
9192,사회과학고전읽기,조형진,2,7,7,12
9201,심리학의이해,서신화,4,5,9,12
9206,영화속바이러스의이해,예정용,4,7,6,12
9258,K컬처와한국사상,교육혁신본부,3,2,10,12
9258,K컬처와한국사상,교육혁신본부,4,6,8,12
9302,동물과인간사회,이종구,3,6,8,12
9356,스토리텔링뮤직,김규,1,7,6,12
9367,연극예술과문화생활,박근수,3,4,8,12
10012,수문학,미배정,3,0,12,12
10043,도시계획론,최승준,2,1,11,12
10381,그래픽디자인,김시연,2,4,10,12
10465,중급회계(1),김광태,2,3,10,12
10486,경영학원론,박현준,1,3,9,12
10499,MIS개론,김태훈,2,4,11,12
10555,운영체제,강석훈,3,3,11,12
10575,ICT공학수학,김경원,2,4,8,12
10639,디지털공학,김우일,2,2,10,12
10640,시뮬레이션 기초 및 실습,김지범,2,1,12,12
10646,데이터베이스,박기석,3,5,11,12
10648,데이터베이스,이상엽,3,5,8,12
10710,공정설계및제어,김종우,3,2,11,12
10714,열전달,이재훈,3,2,12,12
10753,전자재료공학개론,김다빈,2,1,11,12
10755,현대물리학,이한보람,2,1,11,12
10821,복소함수및벡터,구경헌,2,8,6,12
10826,스마트시스템입문,조정완,2,6,9,12
10833,전자기학,전석희,2,5,7,12
10843,전자회로,유종근,3,6,8,12
10849,전자회로실험,이병진,3,6,9,12
10862,제어공학,유세선,4,7,5,12
10888,전기물성론,김준동,3,1,12,12
10954,기계공작법,이태선,3,4,10,12
10961,유체역학(2),한민섭,3,3,12,12
10995,가계재무상담,곽민주,3,5,11,12
11016,e-biz개론,유병국,2,4,11,12
11022,금융경제학,김준식,2,5,8,12
11030,국제거래규범,김규진,3,6,9,12
11033,국제무역보험론,김규진,4,4,11,12
11036,서비스마케팅론,이루리,3,2,11,12
11216,2D패턴디자인,미배정,2,0,12,12
11244,물리화학(1),이창민,2,1,12,12
11245,분석화학(1),김규원,2,0,12,12
11248,유기화학(1),김진호,2,0,12,12
11878,대학영어회화1,매튜,2,2,12,12
11935,대학영어회화1,"브렌트 맥
납",2,1,12,12
9091,NCS의 이해,취업경력개발원,4,4,8,11
9093,공직사회의이해,미배정,4,7,6,11
9109,패션브랜드창업의이해,창업지원단,4,3,8,11
9115,핵심취업전략특강,취업경력개발원,4,3,10,11
9174,기초스페인어,문성주,1,6,7,11
9175,기초스페인어,문성주,3,3,10,11
9183,문학과함께행복의길찾기,전미정,2,6,7,11
9226,차라투스트라춤추는별이되어라,송대현,3,5,9,11
9232,취창업진로세미나,취업경력개발원,3,4,7,11
9236,한국사의이해,박미선,2,5,7,11
9258,K컬처와한국사상,교육혁신본부,1,7,7,11
9284,교과서에서만나지못한조선의역사,교육혁신본부,3,3,10,11
9288,기업가정신,창업지원단,4,5,6,11
9358,신비로운해양생물이야기,이재성,1,7,6,11
9366,역사초보자를위한한국사엿보기,교육혁신본부,3,3,10,11
9681,형법각론,정배근,3,5,7,11
9686,국제거래법,장석영,3,9,4,11
10011,구조역학(1),이헌우,3,0,11,11
10013,철근콘크리트및설계1,이승정,3,0,11,11
10015,토질실험,박정희,3,1,10,11
10021,토질역학(2),우상인,3,0,11,11
10044,도시사회학이론,최혜민,2,1,10,11
10299,트레이닝방법론,변경호,3,3,10,11
10385,레이아웃디자인,전혜연,2,5,7,11
10462,소득세법,정유석,2,3,9,11
10500,경영과학,김서영,2,3,9,11
10556,임베디드구조,김현범,3,4,10,11
10643,정보보호개론,민병준,2,1,10,11
10651,운영체제,한재현,4,4,9,11
10652,데이터마이닝,이장호,3,5,10,11
10707,유체역학,박민범,3,2,11,11
10754,기초전기화학,명재하,2,2,10,11
10773,확률및통계(1),류도현,2,5,8,11
10810,대학수학(1),이혜경,1,5,10,11
10853,인공지능,조환호,4,6,8,11
10874,전자기학(1),이우찬,2,5,6,11
10878,기초반도체공학,MORE VIVEK MOHAN,2,3,10,11
10894,전기응용,우정민,3,2,11,11
10937,고체역학1,박형범,2,4,9,11
10941,기계재료,전태성,2,5,7,11
10977,로봇공학,김영진,4,2,10,11
10986,소비자의사결정,김종흠,1,2,10,11
10994,행동재무학,조혜진,3,6,10,11
11015,e-biz개론,황낙건,2,4,8,11
11027,국제통상론,고보민,2,1,10,11
11027,국제통상론,고보민,3,4,10,11
11029,MICE개론,정진영,3,3,11,11
11056,경제통계기초,김선진,2,2,9,11
11068,금융경제학,신현열,3,0,11,11
11130,자료목록법,황정의,2,5,10,11
11249,무기화학(1),김강우,3,1,11,11
11275,역학실험,한강희,2,1,11,11
11280,선형대수학,함남우,2,0,11,11
11346,아카데믹일본어1,신은진,2,1,11,11
11347,일본근현대사,박진한,2,1,11,11
11883,대학영어회화1,"캘럼 맥코
트",2,2,9,11
12147,운동처방실제,OCU,3,1,10,11
9103,아이디어와 창업,최병조,4,3,9,10
9154,INU전공탐구,융합자유전공대학,2,7,5,10
9185,문학욕망의윤리를말하다,최혜림,2,3,7,10
9199,심리학의이해,서신화,4,4,10,10
9204,열린사회와다문화,정선주,2,3,7,10
9205,열린사회와다문화,정선주,3,5,7,10
9208,위대한개츠비와그의친구들,남정현,3,4,8,10
9276,결혼과가족,류민영,2,6,4,10
9277,경영데이터분석,강희재,1,5,8,10
9280,경제적자유를위한투자기술,유영태,1,4,7,10
9327,배움특강,학생취업처,1,7,4,10
9339,생활법률,이윤희,1,7,3,10
9341,생활속의경제원리,오경희,1,6,4,10
9345,성격과인간심리의이해,서신화,1,5,6,10
9355,스토리텔링뮤직,김규,1,6,5,10
9366,역사초보자를위한한국사엿보기,교육혁신본부,4,4,8,10
9367,연극예술과문화생활,박근수,2,4,6,10
9376,예술과친구하기,이계원,4,3,10,10
9411,토익리딩집중,이은재,3,5,8,10
9688,국제투자법,장석영,4,4,9,10
9832,생화학,이미수,2,1,10,10
9932,대학수학(1),이혜경,1,4,8,10
9974,기초화학및실험1,임지영,1,5,9,10
9975,대학수학(1),손홍민,1,5,9,10
9976,선형대수학,남궁정일,1,5,8,10
9977,환경과도시,이준석,1,5,8,10
9978,공학수학,이준석,2,3,10,10
9979,환경유체역학,박성원,2,3,9,10
9981,환경화학,김철용,2,3,9,10
9982,환경에너지와미래,이도균,2,3,9,10
10042,공공인적자원관리론,이창길,2,1,9,10
10224,스포츠경제학,성호준,2,2,10,10
10285,스포츠사회학,임새미,2,1,9,10
10505,마케팅원론,허승,2,4,7,10
10557,캡스턴디자인(1),황광일,4,5,9,10
10599,운영체제,김영필,3,1,10,10
10669,인공지능융합특론,이현규,4,4,7,10
10685,설계공학,박상인,3,1,10,10
10686,자동제어,김우용,3,1,10,10
10735,인간공학,백동현,2,2,9,10
10804,통신이론,윤석현,4,4,8,10
10825,스마트시스템입문,조정완,2,4,6,10
10827,스마트시스템입문,김영현,2,6,4,10
10832,디지털실험,양운근,2,4,7,10
10834,전자기학,전석희,2,5,7,10
10842,전자회로,유종근,3,8,4,10
10844,전자회로,유종근,3,5,6,10
10846,전자회로실험,이병진,3,8,3,10
10985,소비자와시장,박지우,1,2,9,10
10987,고객서비스,이명현,1,2,9,10
11024,물류개론,안영효,2,4,6,10
11024,물류개론,안영효,3,2,8,10
11055,경제통계기초,김선진,2,4,7,10
11070,농업과푸드시스템의경제학,이명헌,3,1,9,10
11097,공공정책의이해,김국진,3,2,9,10
11131,자료분류법,김혜경,2,4,9,10
11148,광고입문,박진성,2,2,10,10
11151,영화의이해,이동후,2,1,10,10
11276,일반역학(1),김병훈,2,1,10,10
11284,양자역학(1),이기훈,3,1,10,10
11305,현대대수학,장일승,2,1,10,10
11317,현대중국개론,권기영,1,4,10,10
11328,중국전통사상,조봉래,3,4,9,10
12006,대학영어회화1,캘럼 맥코,2,1,9,10
12119,대학영어회화1,Cruz Jr2Fidel,2,0,10,10
12150,마음을읽어주는미술치료,OCU,2,0,10,10
12150,마음을읽어주는미술치료,OCU,4,1,9,10
9098,성인학습및상담론,박선영,4,4,7,9
9174,기초스페인어,문성주,3,7,4,9
9189,미학의이해,윤영규,2,4,6,9
9193,서양의역사와문화,안창모,2,7,3,9
9214,일본어1,전혜수,2,3,7,9
9226,차라투스트라춤추는별이되어라,송대현,1,6,5,9
9231,취창업진로세미나,취업경력개발원,3,2,7,9
9278,경이로운생명이야기,윤영준,2,3,6,9
9279,경이로운생명이야기,윤영준,2,3,6,9
9313,문학의숲에서치유를만나다,전미정,2,6,3,9
9320,물의위기와환경,이민수,2,6,4,9
9326,미술관여행,김상림,2,5,5,9
9338,생활법률,이윤희,2,5,4,9
9377,요가와명상,하지혜,2,2,7,9
9434,한국전근대사의이해,신유아,1,4,6,9
9693,국제기구법,장석영,4,3,8,9
9834,인체생리학,김재근,2,0,9,9
9980,환경통계및자료해석,이희관,2,4,8,9
10022,환경실험,이주경,4,1,8,9
10220,기능해부학,홍성현,2,3,9,9
10367,디자인 Thinking,이서진,1,6,7,9
10384,디자인구현프로그래밍,박동명,2,3,7,9
10387,모션일러스트레이션,한혜진,2,2,8,9
10467,회계원리연습,진덕수,2,0,9,9
10475,데이터과학개론,박준성,1,2,9,9
10479,데이터애널리틱스,전용호,2,1,9,9
10510,마케팅원론,허승,2,3,7,9
10516,전략경영,박현준,3,5,6,9
10517,전략경영,박현준,4,1,8,9
10519,SCM,김태호,3,2,8,9
10520,광고론,윤태웅,3,4,6,9
10559,딥러닝알고리즘,강우철,3,3,8,9
10566,프로그래밍(1),김도엽,1,4,9,9
10586,전자계산기구조,조원서,2,4,7,9
10589,확률이론,조경훈,2,1,9,9
10598,선형대수론,노송,3,4,9,9
10666,네트워크보안,이승수,4,3,9,9
10679,전기회로실험,우현명,2,1,8,9
10693,확률및통계,우현명,3,2,9,9
10707,유체역학,박민범,2,2,8,9
10715,고분자공학,박영돈,3,2,9,9
10736,재료역학,최재헌,2,1,9,9
10737,열역학,이민철,2,3,9,9
10784,금융공학개론,정지혁,3,5,8,9
10785,데이터마이닝,류도현,3,4,8,9
10786,생산통제,김병수,3,4,7,9
10788,최적화모형및응용,이종헌,3,4,5,9
10796,회로이론및실습,송준영,2,2,8,9
10804,통신이론,윤석현,3,3,8,9
10822,복소함수및벡터,구경헌,2,6,4,9
10851,신호및시스템,변상원,4,4,6,9
10854,인공지능,조환호,4,5,7,9
10887,전기기기(1),허진,3,1,9,9
10891,신호및시스템,이명훈,3,0,9,9
10892,에너지발생 및 운용,김용하,4,3,7,9
10898,신재생에너지공학,김학만,4,3,7,9
10918,물리(1),김말진,1,3,7,9
10950,수치해석,한민섭,3,3,8,9
10998,신용관리론,곽민주,3,6,7,9
11004,기업물류및SCM,안영효,4,2,8,9
11008,경영학원론,이루리,1,4,7,9
11009,경영학원론,유담,2,2,7,9
11027,국제통상론,고보민,4,1,8,9
11152,1인미디어콘텐츠기획,유우현,3,3,7,9
11217,비즈니스데이터분석기초,권기용,2,1,8,9
11218,텍스타일염색과표현,조윤경,2,0,9,9
11247,분석화학실험,권태현,2,1,9,9
11256,화학논문연구 I,임태은,3,0,9,9
11281,수리물리학(1),엇후 도르츠,2,1,9,9
11285,전자기학(2),박영미,3,0,9,9
11304,해석학(1),문병수,2,1,9,9
11308,미분기하학(1),유성민,3,2,8,9
11320,기초중국어1,최윤경,1,3,9,9
11414,한국의언어,채숙희,2,1,9,9
11472,영어학입문,김정태,2,3,8,9
11592,Academic English,김연정,1,2,8,9
11872,대학영어회화1,유원,2,4,7,9
11920,대학영어회화1,"캘럼 맥코
트",2,2,8,9
11939,대학영어회화1,"캘럼 맥코
트",2,2,9,9
12051,대학영어회화1,데이비드,2,1,8,9
12083,대학영어회화1,유원,2,0,9,9
12143,임상여성학,OCU,2,1,8,9
9047,(HUSS서강대)인물로본포용사회의역사,미배정,1,6,3,8
9123,교육심리,안동근,2,1,8,8
9184,문학과함께행복의길찾기,전미정,2,4,5,8
9200,심리학의이해,박준성,4,1,7,8
9202,심리학의이해,서신화,1,3,5,8
9205,열린사회와다문화,정선주,1,6,3,8
9205,열린사회와다문화,정선주,2,3,5,8
9227,창의적사고와문제해결,양태연,2,7,2,8
9230,초급평영,김민철,2,4,6,8
9231,취창업진로세미나,취업경력개발원,2,3,6,8
9232,취창업진로세미나,취업경력개발원,1,8,1,8
9232,취창업진로세미나,취업경력개발원,2,3,6,8
9241,현대사회와빅데이터,양태연,2,4,4,8
9298,녹색성장과환경,박찬진,2,5,4,8
9325,미생물학입문,교육혁신본부,1,4,7,8
9325,미생물학입문,교육혁신본부,4,1,7,8
9358,신비로운해양생물이야기,이재성,2,5,5,8
9363,엔지니어정약용탐구,교육혁신본부,2,1,7,8
9374,영화로배우는독성학개론,예정용,4,2,7,8
9384,음악으로읽는세계문화사,김희진,2,5,5,8
9390,인공지능시대의스피치교육,교육혁신본부,2,2,7,8
9411,토익리딩집중,이은재,1,4,6,8
9411,토익리딩집중,이은재,2,6,4,8
9443,현대사회와인성,신승원,2,2,7,8
9691,행정법각론,김수진,3,3,7,8
9693,국제기구법,장석영,3,2,6,8
9696,상속법,진도왕,3,4,4,8
9750,미시데이터분석,김지영,2,0,8,8
9787,세포생물학,이승호,3,2,7,8
9788,뇌공학,양성구,3,2,7,8
9791,종합설계및세미나1,송영준,4,1,8,8
9806,생명공학캡스톤디자인,장성호,4,2,8,8
9809,대학수학(1),김기태,1,3,8,8
9821,일반화학실험(1),방지원,2,0,8,8
9833,유기화학,봉지홍,2,1,8,8
9866,대학수학(1),김기태,1,1,8,8
9904,건축과사회,이금진,4,2,8,8
9915,물리(2),김완선,2,2,7,8
9947,건축개론,김태완,1,4,5,8
9999,일반물리(1),김영찬,1,2,7,8
10001,지구시스템과학,강정구,1,2,7,8
10049,정부예산과경제,윤광진,3,0,8,8
10280,기초기능해부학,전경규,2,1,7,8
10284,웨이트트레이닝기초,정국현,2,0,8,8
10290,농구,미배정,2,0,8,8
10300,트레이닝방법론,변경호,3,4,6,8
10307,스포츠코칭,박상혁,3,2,7,8
10382,그래픽디자인,김시연,2,4,6,8
10386,레이아웃디자인,전혜연,2,4,6,8
10459,회계원리(1),유영태,1,2,7,8
10461,세법총론,전흥재,1,0,8,8
10476,데이터과학을위한기초통계학,강희재,1,2,8,8
10477,데이터과학을위한계량경영학,박준성,2,1,8,8
10478,데이터분석실습1,전용호,2,1,8,8
10479,데이터애널리틱스,전용호,3,4,7,8
10486,경영학원론,박현준,2,2,6,8
10489,경영학원론,박현준,1,5,4,8
10513,상법,미배정,4,2,7,8
10524,기업재무론,전용호,3,1,8,8
10532,인터넷마케팅,김성광,3,2,8,8
10535,투자론,김선호,3,3,7,8
10564,대학수학(1),전현채,1,3,8,8
10580,데이터베이스,유제진,2,3,5,8
10582,회로이론,김도엽,2,4,4,8
10595,빅데이터프로그래밍,안승환,3,4,6,8
10618,대학수학(1),한상현,1,3,7,8
10621,이산수학,김지범,1,1,8,8
10625,프로그래밍입문,채진석,1,3,7,8
10650,운영체제,박문주,3,6,6,8
10658,컴파일러설계,홍윤식,3,1,7,8
10678,정역학,박상인,1,3,8,8
10680,전기회로실험,조영욱,2,1,7,8
10716,기기분석 2,박영돈,3,2,8,8
10717,화공수치해석개론,김종우,3,1,7,8
10734,안전관리론,송창근,2,1,8,8
10739,토질역학,오태근,2,2,8,8
10772,생성형AI활용,이준혁,2,3,6,8
10798,회로이론,박창주,4,5,5,8
10802,전파공학,윤영노,3,3,6,8
10803,전파공학,윤영노,3,2,6,8
10805,이동통신공학,윤석현,4,2,6,8
10817,선형대수학,변윤식,1,6,4,8
10837,프로그래밍언어,최욱,2,6,3,8
10909,대학수학(1),이강주,1,5,5,8
10914,대학화학,오세영,1,3,7,8
10927,기계기초프로그래밍,김승권,1,4,6,8
10946,전기전자공학개론,김태우,2,5,4,8
10949,수치해석,김백진,3,3,5,8
10953,응용기계수학1,신성수,3,2,8,8
11025,물류개론,안영효,3,4,6,8
11030,국제거래규범,김규진,4,0,8,8
11033,국제무역보험론,김규진,2,0,8,8
11036,서비스마케팅론,이루리,4,2,6,8
11037,통계실습,유병국,3,2,7,8
11059,미시경제학,오태희,3,1,8,8
11063,수리경제학,이장연,2,2,8,8
11066,공정경쟁과산업분석,이기환,3,0,8,8
11133,정보검색,장수현,2,4,7,8
11134,기록관리,조재인,3,1,7,8
11151,영화의이해,이동후,3,2,7,8
11151,영화의이해,이동후,4,4,7,8
11176,사회복지법제와 실천,이은아,4,2,8,8
11211,글로벌패션산업이해,이현정,1,3,8,8
11212,섬유소재이해,조윤경,1,3,8,8
11316,자기설계세미나 I,조봉래,1,3,7,8
11338,일본어입문(1),신은진,1,5,5,8
11453,독일어문법,이원경,2,1,8,8
11469,영어회화(3),알라나 커밍스,2,3,8,8
11476,영어와심리,윤소연,2,4,6,8
11511,Academic English,이은재,1,3,7,8
11523,Academic English,김연정,1,2,8,8
11719,AI시대의글쓰기이론과실제,박상원,1,2,8,8
11730,AI시대의글쓰기이론과실제,윤숙,1,2,6,8
11751,AI사고와데이터리터러시,이선아,1,3,7,8
11859,대학영어회화1,"캘럼 맥코
트",2,0,8,8
11940,대학영어회화1,"캘럼 맥코
트",2,1,7,8
12009,대학영어회화1,유원,2,0,8,8
12115,대학영어회화1,브렌트 맥,2,3,7,8
12147,운동처방실제,OCU,4,1,8,8
9048,(HUSS서강대)포용사회주제세미나,미배정,1,6,3,7
9065,(HUSS)디지털포용과스타트업창업실무,박영은,1,6,1,7
9108,커리어로드맵,취업경력개발원,3,3,7,7
9113,직업기초능력1,이원철,4,1,7,7
9129,교육과정,미배정,3,2,7,7
9134,학교현장실습I:교육현장컨설팅,한은정,3,1,7,7
9153,FITNESS TRAINING,전경규,2,5,4,7
9153,FITNESS TRAINING,전경규,3,4,5,7
9175,기초스페인어,문성주,1,3,6,7
9185,문학욕망의윤리를말하다,최혜림,1,2,6,7
9202,심리학의이해,서신화,3,4,5,7
9204,열린사회와다문화,정선주,1,5,3,7
9213,일본어1,전혜수,2,3,4,7
9227,창의적사고와문제해결,양태연,1,5,4,7
9233,한국미술과문화,구진경,2,3,4,7
9234,한국미술과문화,구진경,4,3,4,7
9260,OTL론,서진완,2,2,5,7
9276,결혼과가족,류민영,1,3,5,7
9277,경영데이터분석,강희재,3,3,7,7
9287,글로벌인천스토리텔링,송승석,2,6,1,7
9306,디지털미디어로보는무역과통상,고보민,2,4,5,7
9312,문학의숲에서치유를만나다,전미정,2,3,4,7
9319,물류의이해,김우중,1,4,5,7
9321,물의위기와환경,이민수,3,3,5,7
9331,사고력향상법,박동명,4,5,5,7
9336,삶과경력개발,교육혁신본부,3,1,6,7
9337,삶과천문학,김민수,4,4,3,7
9340,생활속의경제원리,오경희,2,3,5,7
9348,소도구필라테스체형교정,양명주,2,3,4,7
9356,스토리텔링뮤직,김규,3,3,4,7
9361,실전토익700,차현지,4,3,6,7
9362,야구,강년주,1,3,5,7
9363,엔지니어정약용탐구,교육혁신본부,4,1,6,7
9375,영화예술과문화생활,박근수,4,3,5,7
9380,우리가살고있는신비한지구,최윤성,1,5,2,7
9411,토익리딩집중,이은재,4,2,5,7
9682,형법각론,정배근,3,5,4,7
9687,국제법(2),미배정,3,3,5,7
9793,인체생리학,양성구,4,0,7,7
9799,분자생물학,장성호,3,1,7,7
9802,발효공학,서명지,3,1,6,7
9804,의학공학,박경민,3,1,7,7
9810,일반물리학,미배정,1,4,5,7
9813,일반생물학(1),장성호,1,4,4,7
9818,일반화학(1),그레고리 아이작 피터슨,1,3,5,7
9837,유전학,박준태,3,1,7,7
9854,동물분류및형태학,배양섭,3,1,7,7
9856,분자생물학,최재혁,3,1,7,7
9857,분자생물학실험,최재혁,3,1,6,7
9880,화학,권태현,3,0,7,7
9928,건축경제,구충완,4,2,7,7
9935,건축기초설계1,김한규,1,2,7,7
9957,도시공간정보기초,강준오,2,2,6,7
9962,도시경제학,권기현,2,1,6,7
9997,선형대수학,신희수,1,2,6,7
10003,건설환경공학개론,박정희,1,2,6,7
10017,건설경제성공학,미배정,3,1,7,7
10019,상수도시스템,장동우,3,1,6,7
10039,엔지니어링소프트웨어,유지예,1,5,5,7
10044,도시사회학이론,최혜민,3,0,7,7
10048,도시조사분석방법론,최승준,3,1,7,7
10139,수학교과교육론,왕효원,2,1,7,7
10140,해석학,윤영훈,2,1,7,7
10142,조합및그래프이론,하구용,2,1,7,7
10143,집합론,장규환,2,1,7,7
10185,국어문법론,김윤신,2,0,7,7
10186,문학교육론,박주형,2,0,7,7
10216,운동과스포츠생리학,황문현,2,2,7,7
10234,하지운동손상평가,미배정,3,1,6,7
10283,웨이트트레이닝기초,미배정,2,2,5,7
10289,New sports1,우희준,2,1,7,7
10298,Sport Management,홍진배,3,2,6,7
10304,근골격기능운동학,전경규,3,1,6,7
10305,배드민턴기초,이다혜,3,3,4,7
10311,골프기초,곽지영,4,1,7,7
10360,자기설계세미나 I,안혜신,1,4,6,7
10364,평면과디자인,문해원,1,5,5,7
10370,영상과디자인,유동현,1,1,7,7
10376,기초제품디자인,조유석,2,2,6,7
10379,GUI디자인,이운형,2,4,3,7
10397,비주얼스토리텔링,박지연,3,1,7,7
10457,경영학원론,박현준,1,2,7,7
10464,원가회계,최평국,3,1,7,7
10466,중급회계(1),김광태,3,1,6,7
10475,데이터과학개론,박준성,2,1,6,7
10475,데이터과학개론,박준성,3,1,6,7
10478,데이터분석실습1,전용호,3,3,6,7
10489,경영학원론,박현준,3,4,5,7
10495,회계원리,김명주,4,3,4,7
10497,MIS개론,박천웅,3,3,5,7
10497,MIS개론,박천웅,4,4,5,7
10500,경영과학,김서영,3,4,3,7
10501,경영과학,김서영,3,5,6,7
10501,경영과학,김서영,4,3,6,7
10508,마케팅원론,박은하,4,4,5,7
10513,상법,미배정,3,1,7,7
10534,투자론,김선호,3,2,5,7
10585,전자계산기구조,조원서,2,4,3,7
10596,빅데이터프로그래밍,우요섭,3,2,5,7
10614,통신시스템설계,전현채,4,2,7,7
10621,이산수학,김지범,4,3,7,7
10631,데이터프로그래밍,이장호,3,3,6,7
10637,Java언어,허혜선,2,2,6,7
10647,데이터베이스,박기석,3,7,1,7
10657,컴파일러설계,홍윤식,3,1,7,7
10659,CAPSTONE DESIGN,박문주,4,3,6,7
10663,CAPSTONE DESIGN,안재균,4,4,7,7
10673,대학수학(1),우현명,1,3,7,7
10674,화학생물,이탁기,1,2,7,7
10676,공학프로그래밍,김우용,1,2,6,7
10677,자기설계세미나,박상인,1,2,7,7
10713,에너지화공기초실험,노윤호,3,0,7,7
10758,재료컴퓨터해석,장태후,3,2,7,7
10789,시스템종합설계,유우식,4,4,4,7
10800,회로이론,김태훈,4,6,3,7
10801,전파공학,김영현,3,4,5,7
10831,디지털실험,이경순,2,4,3,7
10855,캡스턴디자인1,서정현,4,3,4,7
10856,캡스턴디자인1,양운근,4,5,3,7
10860,아날로그집적회로,송준영,4,2,6,7
10867,컴퓨터프로그래밍,강동우,1,1,7,7
10871,전기.전자기초실험,김준석,2,4,4,7
10872,전기.전자기초실험,김용하,2,4,5,7
10879,디지털공학개론,최현규,2,3,6,7
10880,응용선형대수,이동길,2,2,7,7
10883,전기실험(2),윤주형,3,0,7,7
10886,전기기기(1),강동우,3,0,7,7
10893,인공지능개론,이명훈,3,0,7,7
10897,송배전설계,서재완,4,3,6,7
10899,전기기기제어론,김준석,4,4,5,7
10903,현대제어,이동길,4,2,6,7
10928,기계기초프로그래밍,김승권,1,3,5,7
10938,고체역학1,박형범,2,4,4,7
10956,기계공작법,구상모,3,2,7,7
10968,기계공학실험,남동호,4,2,7,7
10988,가계재무설계,성영애,2,2,6,7
11011,경제학원리(1),주현,1,3,5,7
11017,국제무역론,이윤,4,4,6,7
11019,국제무역론,이윤,2,5,4,7
11023,물류개론,안영효,3,2,5,7
11028,회계원리,이창현,2,2,6,7
11044,바이오비즈니스론,이루리,4,3,6,7
11057,경제사,양준호,2,1,6,7
11060,미시경제학,황성현,2,2,5,7
11064,시사경제1,황선길,3,1,7,7
11069,기초계량경제학,오태희,3,0,7,7
11075,국제정치의이해,이효원,1,2,7,7
11082,젠더와정치,우병득,3,1,7,7
11092,인사행정론,김동원,2,0,7,7
11093,행정조직론,타오,2,0,7,7
11096,헌법,남상택,4,1,7,7
11128,기록과사회,신정엽,1,4,7,7
11129,문헌정보학개론,황정의,1,3,7,7
11135,정보시스템구축론,박종도,3,1,6,7
11220,현대패션콘텐츠,박은경,3,2,7,7
11252,분자분광학,이창민,4,1,7,7
11307,미분방정식,문병수,2,2,6,7
11309,복소함수론1,김인현,3,1,7,7
11319,중국사개론,이용운,1,4,7,7
11322,중국어듣기와말하기(1),청웨이웨이,2,2,6,7
11324,집중중국어실습(1),변다은,2,2,6,7
11335,중국학연구종합설계,장정아,4,2,6,7
11342,일본문화콘텐츠입문,남상욱,1,4,6,7
11349,실천일본어회화(1),나카무라유리,2,2,7,7
11621,AI시대의글쓰기이론과실제,최혜림,1,2,6,7
11625,AI시대의글쓰기이론과실제,윤숙,1,4,6,7
11762,AI사고와데이터리터러시,황태준,1,4,5,7
11766,AI사고와데이터리터러시,김백현,1,2,7,7
11767,AI사고와데이터리터러시,이슬비,1,3,5,7
11984,대학영어회화1,캘럼 맥코,2,1,6,7
12007,대학영어회화1,캘럼 맥코,2,1,6,7
12146,문학과테마기행,OCU,4,0,7,7
9063,(HUSS)스포츠로배우는포용,윤기준,2,2,6,6
9100,스타트업비즈니스매너,창업지원단,4,1,6,6
9112,해양경찰학개론,김병로,4,1,6,6
9114,직업기초능력2,미배정,4,1,6,6
9154,INU전공탐구,융합자유전공대학,3,3,4,6
9156,과학기술과인간의대화,정경숙,2,3,3,6
9168,근현대세계와한국사,황묘희,2,3,4,6
9169,근현대세계와한국사,이상의,2,5,1,6
9174,기초스페인어,문성주,2,3,3,6
9180,문제해결을위한파이썬,이선아,1,3,3,6
9194,서양의역사와문화,안창모,1,4,3,6
9198,심리학의이해,박준성,3,5,2,6
9198,심리학의이해,박준성,4,3,3,6
9208,위대한개츠비와그의친구들,남정현,1,5,1,6
9208,위대한개츠비와그의친구들,남정현,4,4,3,6
9209,인간관계와리더십,홍혜연,2,5,2,6
9213,일본어1,전혜수,1,2,4,6
9223,지역사회와사회공헌,이지혜,3,2,4,6
9229,초급영어글쓰기,김혜경,2,3,5,6
9234,한국미술과문화,구진경,2,5,1,6
9241,현대사회와빅데이터,양태연,1,4,3,6
9243,현대사회와빅데이터,양태연,2,4,3,6
9254,Introduction to Film and Media Studies,조지민,3,1,5,6
9259,Language and Culture,조지민,1,3,5,6
9275,결혼과가족,류민영,1,4,2,6
9275,결혼과가족,류민영,3,2,5,6
9280,경제적자유를위한투자기술,유영태,3,5,2,6
9281,공공이슈와논쟁,채드 앤더슨,1,5,3,6
9302,동물과인간사회,이종구,4,2,5,6
9312,문학의숲에서치유를만나다,전미정,3,3,3,6
9319,물류의이해,김우중,3,4,4,6
9334,사회적경제기업가의경영전략,교육혁신본부,4,2,4,6
9337,삶과천문학,김민수,3,2,5,6
9338,생활법률,이윤희,1,4,2,6
9342,생활속의경제원리,이기환,2,3,3,6
9347,세포속양자물리학,박승룡,1,5,2,6
9347,세포속양자물리학,박승룡,2,2,5,6
9361,실전토익700,차현지,2,3,3,6
9362,야구,강년주,4,1,6,6
9363,엔지니어정약용탐구,교육혁신본부,1,1,5,6
9366,역사초보자를위한한국사엿보기,교육혁신본부,1,2,4,6
9367,연극예술과문화생활,박근수,1,1,6,6
9379,우리가살고있는신비한지구,최윤성,1,2,4,6
9379,우리가살고있는신비한지구,최윤성,3,3,5,6
9381,융복합시대의스피치커뮤니케이션,김평원,2,3,3,6
9387,인간과우주,정연철,1,5,2,6
9402,처음하는기타연주,권정구,1,3,3,6
9434,한국전근대사의이해,신유아,3,2,5,6
9436,한반도와유라시아,조형진,1,3,4,6
9682,형법각론,정배근,2,4,6,6
9690,채권각론,맹광호,3,2,5,6
9692,환경법,남상택,4,2,4,6
9734,계량물류분석론,송상화,3,3,6,6
9753,일본경제론,김종인,2,1,6,6
9754,일본어독해작문(2),기타우치 다이토,2,1,5,6
9788,뇌공학,양성구,4,0,6,6
9789,바이오 센서 공학,한상길,3,2,5,6
9800,생명공학세미나 1,이동택,3,0,6,6
9801,생명공학실험 2,미배정,3,0,6,6
9807,생체재료 및 조직공학,양기석,4,1,6,6
9810,일반물리학,미배정,2,0,6,6
9811,일반물리학,미배정,1,5,5,6
9816,일반생물학실험(1),장성호,1,3,5,6
9821,일반화학실험(1),방지원,1,4,5,6
9855,동물분류생태실험,김길원,3,1,6,6
9870,생물학기초(1),박준태,1,2,5,6
9880,화학,권태현,1,1,6,6
9886,건축환경,이동석,2,1,5,6
9887,서양건축사,신은기,2,1,5,6
9914,공학수학,최원,2,1,6,6
9916,건축구조역학,박지훈,2,1,6,6
9917,건축시공,박경모,2,1,6,6
9918,건축환경(1),이동석,2,1,6,6
9930,친환경건축설비,장현숙,4,1,6,6
9942,자기설계세미나 I,이태영,1,4,3,6
9958,기초정역학,김영찬,2,2,5,6
9959,도시토지이용계획,엄현주,2,2,5,6
9988,환경공학세미나1,이도균,4,3,5,6
10006,정역학및연습,이헌우,2,0,6,6
10010,수리학(1),미배정,2,0,6,6
10029,도로공학,박정희,4,2,6,6
10033,자기설계세미나 I,이도균,1,4,4,6
10034,자기설계세미나 I,이승정,1,4,4,6
10051,도시교통계획론,양욱재,3,1,5,6
10145,위상수학1,정찬석,3,2,5,6
10215,운동과스포츠생리학,황문현,2,2,6,6
10229,장애및질환에따른신체활동,김동일,2,1,6,6
10230,생체역학,김남웅,3,2,5,6
10361,자기설계세미나 I,한혜진,1,2,4,6
10369,디자인발상과드로잉,이기오,1,2,4,6
10375,기초제품디자인,조유석,2,4,3,6
10460,세법총론,전흥재,3,2,5,6
10463,소득세법,정유석,2,1,6,6
10466,중급회계(1),김광태,2,0,6,6
10471,원가회계연습,최평국,3,2,5,6
10477,데이터과학을위한계량경영학,박준성,3,4,5,6
10481,인공지능과머신러닝,이채현,3,4,5,6
10491,회계원리,이창현,4,2,4,6
10492,회계원리,이현주,1,2,5,6
10495,회계원리,김명주,2,2,5,6
10498,MIS개론,박천웅,3,2,4,6
10501,경영과학,김서영,2,5,2,6
10504,경영과학,이상훈,2,1,5,6
10507,마케팅원론,임영수,3,1,5,6
10508,마케팅원론,박은하,2,3,3,6
10512,디지털비즈니스와소셜미디어,박천웅,4,0,6,6
10524,기업재무론,전용호,4,0,6,6
10535,투자론,김선호,4,0,6,6
10536,경영분석,정미화,3,2,4,6
10538,스타트업과비즈니스모델,김태훈,4,1,6,6
10578,데이터베이스,유제진,2,4,2,6
10597,선형대수론,김경원,3,4,3,6
10605,무선및이동통신,김도엽,4,2,4,6
10606,분산클라우드컴퓨팅,김영필,4,0,6,6
10609,정보보호시스템,이은규,4,1,6,6
10611,캡스톤디자인(1),이병주,4,2,6,6
10622,컴퓨터공학개론,전혜경,1,3,3,6
10623,컴퓨터공학개론,전혜경,1,3,4,6
10653,데이터통신,최승식,3,3,3,6
10655,사이버공격및방어,이승수,3,0,6,6
10660,CAPSTONE DESIGN,채진석,4,2,5,6
10684,객체지향프로그래밍,정현두,2,1,5,6
10689,생체계측및의공학,조영욱,3,3,4,6
10690,생체신호및시스템,정현두,3,2,5,6
10691,수치해석,한유성,3,2,5,6
10700,대학수학(1),문병수,1,0,6,6
10712,에너지화공기초실험,권오중,3,2,4,6
10757,재료의전기적성질,박재윤,3,3,6,6
10759,반도체나노공정1,이한보람,4,2,5,6
10778,확정적경영과학,이종헌,1,1,5,6
10782,품질공학,정영배,3,3,3,6
10791,시스템종합설계,이세린,4,2,5,6
10792,강화학습,정지혁,4,2,5,6
10794,스마트물류,이준혁,4,2,5,6
10798,회로이론,박창주,2,3,3,6
10799,회로이론,박창주,4,5,1,6
10820,소프트웨어입문,김교선,1,3,3,6
10836,전자기학,서정현,3,3,4,6
10839,반도체소자,정은교,4,4,3,6
10841,반도체소자,이영훈,3,4,4,6
10848,전자회로실험,유종근,3,4,2,6
10865,대학수학(1),이혜경,1,2,6,6
10878,기초반도체공학,MORE VIVEK MOHAN,4,4,5,6
10884,전기실험(2),윤주형,3,1,6,6
10895,광전기에너지공학,윤주형,4,4,4,6
10900,캡스톤설계(1),이동길,4,3,5,6
10913,대학화학,오세영,1,2,4,6
10925,물리실험(1),김병훈,1,3,4,6
10931,공학수학 1,신창훈,2,1,5,6
10942,기계재료,전태성,2,3,5,6
10947,전기전자공학개론,김경태,2,2,5,6
10948,수치해석,김백진,3,2,4,6
10959,기계진동,남동호,3,3,4,6
10962,유체역학(2),권재성,3,3,4,6
10990,소비자정량조사,최한솔,3,2,5,6
10992,소비문화와트렌드분석,김종흠,2,1,6,6
10995,가계재무상담,곽민주,4,1,6,6
11004,기업물류및SCM,안영효,3,2,5,6
11017,국제무역론,이윤,3,3,3,6
11022,금융경제학,김준식,3,3,3,6
11024,물류개론,안영효,4,3,3,6
11044,바이오비즈니스론,이루리,3,1,6,6
11064,시사경제1,황선길,2,2,5,6
11065,정치경제학,이갑영,2,1,5,6
11067,국제무역론,이원경,3,0,6,6
11076,자기설계세미나 I,정영우,1,2,6,6
11077,정치학의이해,우병득,1,2,6,6
11090,행정학,이신우,1,2,5,6
11099,경찰학,장승수,3,0,6,6
11099,경찰학,장승수,4,2,5,6
11106,인적자원개발론,김태성,1,3,6,6
11110,교수설계론,임정훈,2,1,5,6
11156,커뮤니케이션세미나,이수범,4,3,4,6
11160,위기관리전략,송민호,4,2,6,6
11165,사회복지와인권,권정호,1,2,5,6
11179,대학수학(1),이미혜,1,3,5,6
11223,패션디자인스튜디오I,이현승,3,2,6,6
11231,대학수학(1),이정찬,1,1,6,6
11232,일반물리학(1),미배정,1,1,6,6
11236,일반생물학(1),미배정,1,1,6,6
11240,일반화학(1),방지원,1,1,6,6
11251,물리화학실험,이창민,3,1,6,6
11261,대학수학(1),이미혜,1,3,5,6
11276,일반역학(1),김병훈,4,1,6,6
11278,물리연구소개,박영미,2,1,6,6
11286,반도체물리학,이진호,3,1,5,6
11306,매듭론,배영진,4,1,6,6
11311,수리통계학응용,최원,3,1,6,6
11318,중국사개론,이용운,1,3,5,6
11323,중국어듣기와말하기(1),청웨이웨이,2,0,6,6
11330,중국학강독,이재천,3,2,5,6
11370,프랑스어회화(1),파비앙,2,1,6,6
11374,프랑스어문법과 작문1,이현주,2,1,6,6
11380,프랑스축제와문화예술,지영호,4,1,5,6
11399,고전과삶,김정경,1,3,4,6
11400,언어와인간,안소진,1,3,6,6
11416,현대문학사1,강용훈,2,2,6,6
11446,중급독일어A2 1,슈텔레 에바,2,1,6,6
11449,중급독일어회화 A2 1,미하엘멩케,2,1,5,6
11473,영어학입문,김정태,2,1,6,6
11474,아동&청소년문학,전신화,2,1,6,6
11483,영미드라마와문화,황연,3,2,6,6
11489,Academic English,이은재,1,3,4,6
11552,Academic English,김상조,1,1,6,6
11572,Academic English,김상조,1,2,6,6
11665,AI시대의글쓰기이론과실제,최혜림,1,3,6,6
11718,AI시대의글쓰기이론과실제,박상원,1,4,6,6
11748,AI사고와데이터리터러시,이선아,1,5,4,6
11763,AI사고와데이터리터러시,김종탁,1,2,5,6
11789,대학영어회화1,데릭 스톤,2,1,6,6
11874,대학영어회화1,알란,2,2,5,6
11896,대학영어회화1,"브렌트 맥
납",2,1,5,6
11917,대학영어회화1,"티모시 톰
슨",2,1,5,6
11918,대학영어회화1,"티모시 톰
슨",2,0,6,6
11932,대학영어회화1,알란,2,4,5,6
11938,대학영어회화1,코리 로슨,2,1,6,6
11942,대학영어회화1,데릭 스톤,2,2,4,6
12012,대학영어회화1,데이비드,2,0,6,6
12148,인문학과자기경영의만남,OCU,3,2,5,6
12152,4차산업혁명기술과자동차이야기,OCU,4,1,5,6
12158,안보학,학군단,3,2,5,6
9090,NCS의 이해,취업경력개발원,3,3,5,5
9092,공직사회의이해,미배정,3,5,1,5
9094,글로벌 창업가 정신,창업지원단,4,1,4,5
9109,패션브랜드창업의이해,창업지원단,2,1,5,5
9126,교육평가,김성연,2,1,5,5
9127,지속가능한미래교육,윤선인,2,0,5,5
9153,FITNESS TRAINING,전경규,4,1,4,5
9161,근대적지식인은어떻게탄생하였나세미나,이용화,2,3,2,5
9163,근현대문학거장과의만남,김계영,1,3,5,5
9163,근현대문학거장과의만남,김계영,2,2,4,5
9164,근현대문학거장과의만남,권혁준,2,4,1,5
9166,근현대세계와한국사,황묘희,2,4,2,5
9168,근현대세계와한국사,황묘희,1,3,4,5
9173,기초독일어,이원경,2,5,2,5
9174,기초스페인어,문성주,4,4,2,5
9175,기초스페인어,문성주,4,2,4,5
9185,문학욕망의윤리를말하다,최혜림,3,2,3,5
9186,미래를바꾸는말한마디,안호림,2,2,3,5
9187,미래를바꾸는말한마디,안호림,2,3,3,5
9187,미래를바꾸는말한마디,안호림,3,0,5,5
9188,미학의이해,윤영규,3,3,3,5
9192,사회과학고전읽기,조형진,1,4,2,5
9193,서양의역사와문화,안창모,1,4,2,5
9196,세상의심장으로자신을브랜드하라,양근용,3,4,1,5
9198,심리학의이해,박준성,1,4,1,5
9209,인간관계와리더십,홍혜연,1,3,2,5
9211,인천의역사지형탐색,이상의,2,3,2,5
9212,일리아스와오딧세이아에서아모르파티,송대현,3,4,3,5
9212,일리아스와오딧세이아에서아모르파티,송대현,4,3,2,5
9216,일본어1,문인숙,3,2,3,5
9216,일본어1,문인숙,4,1,4,5
9219,중국어1,고은미,2,1,4,5
9224,지역사회와사회공헌,이지혜,3,3,3,5
9231,취창업진로세미나,취업경력개발원,4,1,4,5
9232,취창업진로세미나,취업경력개발원,4,1,4,5
9235,한국사의이해,박미선,1,2,4,5
9235,한국사의이해,박미선,2,4,1,5
9236,한국사의이해,박미선,4,1,4,5
9242,현대사회와빅데이터,양태연,3,3,2,5
9243,현대사회와빅데이터,양태연,3,3,2,5
9256,K컨텐츠제작의실제,미배정,2,3,2,5
9261,SPORTS CLIMBING,김인경,1,2,3,5
9274,검도,박영민,1,3,3,5
9276,결혼과가족,류민영,4,3,2,5
9277,경영데이터분석,강희재,2,2,4,5
9280,경제적자유를위한투자기술,유영태,4,0,5,5
9284,교과서에서만나지못한조선의역사,교육혁신본부,1,0,5,5
9295,나만의AI에이전트제작,김성연,2,3,2,5
9303,동양의지혜와윤리,송승석,1,3,3,5
9303,동양의지혜와윤리,송승석,2,1,4,5
9310,만화와웹툰의재구성,한상정,3,3,3,5
9311,무대미술의이해,임일진,2,4,1,5
9311,무대미술의이해,임일진,3,4,1,5
9313,문학의숲에서치유를만나다,전미정,3,4,3,5
9323,미래사회이해와미래예측,오형석,2,3,3,5
9326,미술관여행,김상림,3,3,3,5
9332,사례로보는광고의원리,박진성,2,3,2,5
9345,성격과인간심리의이해,서신화,4,3,4,5
9355,스토리텔링뮤직,김규,3,3,2,5
9357,스포츠로이해하는개념,윤기준,1,4,2,5
9358,신비로운해양생물이야기,이재성,4,3,3,5
9360,실용음악이론과실습,최정윤,2,1,4,5
9360,실용음악이론과실습,최정윤,3,1,4,5
9363,엔지니어정약용탐구,교육혁신본부,3,2,5,5
9377,요가와명상,하지혜,1,3,2,5
9378,요가와명상,하지혜,1,3,3,5
9378,요가와명상,하지혜,2,2,3,5
9387,인간과우주,정연철,2,4,1,5
9435,한류의이해,조지민,2,3,2,5
9436,한반도와유라시아,조형진,3,2,4,5
9562,대학수학(1),이윤복,1,3,4,5
9678,물권법2,진도왕,3,3,2,5
9680,헌법(2),김영진,2,2,4,5
9681,형법각론,정배근,2,1,4,5
9686,국제거래법,장석영,4,3,4,5
9689,노동법2,이태현,3,4,2,5
9694,법여성학,김수진,3,2,5,5
9695,산업재해보상보험법,이태현,4,2,5,5
9696,상속법,진도왕,4,2,4,5
9700,형법종합연습,정배근,3,0,5,5
9729,화물운송론,이향숙,3,1,4,5
9732,해상운송론,이해찬,3,1,5,5
9759,중급일본어회화,기타우치 다이토,2,1,5,5
9786,나노바이오실험1,이승호,3,2,4,5
9790,바이오전자공학,미배정,3,1,4,5
9803,유전공학,황병희,3,0,5,5
9812,일반생물학(1),김준섭,2,0,5,5
9816,일반생물학실험(1),장성호,2,1,4,5
9819,일반화학(1),그레고리 아이작 피터슨,1,3,3,5
9819,일반화학(1),그레고리 아이작 피터슨,2,1,5,5
9823,자기설계세미나 I,이승호,1,2,3,5
9825,자기설계세미나 I,한상길,1,4,4,5
9831,미생물및생화학실험,봉지홍,2,1,5,5
9868,물리학,유상구,1,3,2,5
9893,공간디자인의 이해,이태영,2,1,4,5
9899,지속가능한 도시,김한규,3,0,5,5
9921,건축설비(1),이세진,3,1,5,5
9922,철근콘크리트구조1,천성철,3,1,5,5
9926,건축실시설계,박지훈,4,1,5,5
9943,자기설계세미나 I,이슬비,1,2,4,5
9948,건축개론,김한규,1,2,5,5
9961,단지계획스튜디오,한소영,2,1,4,5
10007,측량학(1),최병길,2,0,5,5
10009,도시지공학실무(1),권용희,2,0,5,5
10050,도시공간과사회,미배정,3,1,4,5
10057,정책디자인세미나,최혜민,4,1,4,5
10141,미분방정식,이동선,2,0,5,5
10144,복소해석학1,오혜영,3,1,5,5
10158,일본문화,하야사와 마사토,2,0,5,5
10219,해양훈련,전재희,2,1,4,5
10228,인도어스포츠,신기성,2,2,5,5
10242,운동영양학,김태완,3,1,4,5
10302,Sports Data Analytics,김종원,3,1,5,5
10309,테니스기초,임새미,3,1,5,5
10313,기능재활운동2,전경규,4,1,5,5
10317,신체교정운동,김찬기,4,1,5,5
10374,입체디자인,박채은,1,4,2,5
10382,그래픽디자인,김시연,3,2,4,5
10383,디자인구현프로그래밍,박동명,2,4,2,5
10394,광고디자인스튜디오,이상혁,3,2,4,5
10398,색채와디지털이미지,김지룡,4,3,5,5
10401,시각디자인,이서진,3,1,5,5
10402,인포그래픽디자인,이은영,3,2,5,5
10406,편집디자인,문해원,3,2,5,5
10410,브랜드디자인프로젝트,김시연,4,3,5,5
10417,기초서양화,이계원,1,2,4,5
10453,판화(1),지근욱,3,0,5,5
10464,원가회계,최평국,1,0,5,5
10464,원가회계,최평국,4,1,5,5
10467,회계원리연습,진덕수,1,0,5,5
10469,고급회계,유영태,3,2,4,5
10476,데이터과학을위한기초통계학,강희재,2,1,4,5
10489,경영학원론,박현준,2,2,3,5
10490,회계원리,홍기용,3,2,4,5
10491,회계원리,이창현,3,5,1,5
10492,회계원리,이현주,2,3,2,5
10493,회계원리,이현주,1,2,4,5
10493,회계원리,이현주,2,2,3,5
10499,MIS개론,김태훈,1,0,5,5
10500,경영과학,김서영,4,3,4,5
10502,경영과학,김태호,2,4,2,5
10502,경영과학,김태호,4,4,2,5
10503,경영과학,이상훈,2,2,3,5
10503,경영과학,이상훈,3,1,4,5
10510,마케팅원론,허승,4,1,5,5
10528,원가회계,박영규,3,0,5,5
10532,인터넷마케팅,김성광,4,2,3,5
10536,경영분석,정미화,4,1,4,5
10560,사물인터넷,김현범,4,3,4,5
10561,임베디드시스템특강,이영섭,4,2,3,5
10590,확률이론,안승환,2,0,5,5
10591,통신공학이론,이병주,2,0,5,5
10592,통신공학이론,노송,3,4,2,5
10602,전자회로,강승택,3,2,4,5
10620,대학수학(1),한상현,1,3,2,5
10629,확률및통계,김현정,1,2,3,5
10636,Java언어,허혜선,2,0,5,5
10642,정보보호개론,민병준,3,1,4,5
10643,정보보호개론,민병준,3,2,3,5
10643,정보보호개론,민병준,4,4,5,5
10645,기계학습,김인수,3,4,1,5
10654,데이터통신,최승식,4,1,5,5
10662,CAPSTONE DESIGN,이장호,4,2,3,5
10665,CAPSTONE DESIGN,이현규,4,2,3,5
10667,소프트웨어설계,박기석,4,3,3,5
10701,일반화학(1),노윤호,1,0,5,5
10703,일반화학실험(1),정관영,1,0,5,5
10741,건설재료학,오태근,3,0,5,5
10742,방화공학,이민철,3,0,5,5
10743,산업안전심리,백동현,3,0,5,5
10745,건설안전관련법규,오태근,4,2,4,5
10750,대학화학,이미경,1,2,4,5
10751,물리(1),김완선,1,2,4,5
10759,반도체나노공정1,이한보람,3,2,4,5
10762,재료전자기학,장태후,3,2,4,5
10766,재료의자기및광학적성질,박재윤,4,1,4,5
10770,산업경영공학개론,장석화,1,2,3,5
10772,생성형AI활용,이준혁,3,1,5,5
10776,인간공학,최서빈,1,1,5,5
10780,제품개발프로세스,박기정,3,4,2,5
10784,금융공학개론,정지혁,4,2,3,5
10793,기업과안전,김철홍,4,1,5,5
10800,회로이론,김태훈,3,4,4,5
10815,선형대수학,변윤식,1,5,2,5
10828,디지털실험,양운근,2,3,2,5
10836,전자기학,서정현,4,2,3,5
10842,전자회로,유종근,4,4,2,5
10844,전자회로,유종근,4,3,2,5
10849,전자회로실험,이병진,4,2,3,5
10850,전자회로실험,이병진,4,1,4,5
10852,신호및시스템,변상원,4,3,3,5
10877,회로이론(1),정영식,3,1,4,5
10915,대학화학,오세영,1,4,2,5
10919,물리(1),김말진,1,3,3,5
10930,기계기초프로그래밍,김승권,1,2,4,5
10932,공학수학 1,신창훈,2,2,3,5
10954,기계공작법,이태선,1,2,4,5
10964,2차전지공학,신성수,4,1,4,5
10983,캡스톤디자인2,이태선,4,1,5,5
10990,소비자정량조사,최한솔,2,0,5,5
10993,지속가능소비론,이영애,2,1,4,5
11002,e-biz개론,황낙건,2,2,3,5
11008,경영학원론,이루리,4,1,5,5
11009,경영학원론,유담,1,4,2,5
11014,글로벌비즈니스커뮤니케이션,박진범,3,1,4,5
11015,e-biz개론,황낙건,3,2,5,5
11018,국제무역론,이윤,3,3,3,5
11019,국제무역론,이윤,3,3,2,5
11027,국제통상론,고보민,1,2,5,5
11041,글로벌비즈니스캡스톤디자인1,이종화,4,1,4,5
11042,글로벌한류와엔터테인먼트경영전략,박영은,4,1,5,5
11051,경제학원리(1),이명헌,1,4,2,5
11052,경제학원리(1),서세욱,1,1,5,5
11053,경제학원리(1),서세욱,1,2,3,5
11054,회계원리,한홍열,1,3,5,5
11059,미시경제학,오태희,4,0,5,5
11068,금융경제학,신현열,4,2,3,5
11078,비교정치론,이준한,2,0,5,5
11091,경제학의이해,김종주,4,1,4,5
11096,헌법,남상택,2,0,5,5
11105,자기설계세미나 I,고유정,1,2,5,5
11107,상담심리학,유현경,1,3,5,5
11108,원격교육론,이세현,1,3,4,5
11112,인적자원개발및관리,김은수,2,1,4,5
11128,기록과사회,신정엽,3,0,5,5
11132,데이터분석과시각화,장수현,2,2,4,5
11140,디지털미디어리터러시,유우현,3,2,3,5
11156,커뮤니케이션세미나,이수범,3,1,4,5
11163,사회복지학개론,송다영,1,2,4,5
11164,사회문제론,장애지,1,2,4,5
11172,사회복지행정론,전용호,3,0,5,5
11177,여성복지론,최보라,4,4,2,5
11186,일반화학(1),김태현,1,2,5,5
11197,해수순환의이해,김일남,2,1,4,5
11198,해양무척추생물학,이재성,2,1,4,5
11202,조류생리생태학및실험,공정애,3,1,5,5
11217,비즈니스데이터분석기초,권기용,4,2,3,5
11218,텍스타일염색과표현,조윤경,3,1,4,5
11222,테일러링,이주연,3,2,5,5
11239,일반생물학실험(1),김길원,1,1,5,5
11243,일반화학실험(1),강동구,1,1,4,5
11253,생화학(1),강동구,3,0,5,5
11262,일반물리학(1),박승룡,1,2,5,5
11267,일반화학(1),정관영,1,2,5,5
11279,물리프로그래밍,엇후 도르츠,2,1,5,5
11289,광학(2),박영미,4,2,4,5
11292,대학수학(1),김인현,1,4,3,5
11306,매듭론,배영진,2,1,5,5
11310,대수적조합론,장일승,4,1,5,5
11326,근대중국의개혁과혁명,이용운,2,1,5,5
11329,중국학강독,조봉래,3,2,5,5
11333,고급한어강독,최윤경,4,3,4,5
11334,고급한어강독,조혜영,4,1,4,5
11336,중국학연구종합설계,윤지양,4,2,4,5
11339,자기설계세미나 I,이호상,1,3,4,5
11341,자기설계세미나 I,남상욱,1,2,3,5
11344,기초일본어회화1,나카무라유리,1,2,4,5
11350,일본의지역지리,다무라 후미노리,2,1,5,5
11358,일본지역학특강,이강원,4,0,5,5
11372,문화예술의이해,조성주,2,1,4,5
11404,한국문학의이해,정우경,1,3,3,5
11405,한국문학의이해,정우경,1,3,4,5
11447,중급독일어A2 1,슈텔레 에바,2,1,4,5
11457,독일문화와젠더,신동도,3,3,3,5
11460,유럽의역사와문화,신동도,4,3,2,5
11477,희곡개론,황연,3,2,3,5
11481,영국문학사,하인혜,3,2,5,5
11586,Academic English,이은재,1,1,4,5
11602,AI시대의글쓰기이론과실제,김은경,1,3,4,5
11651,AI시대의글쓰기이론과실제,박상원,1,0,5,5
11740,AI사고와데이터리터러시,추교남,1,3,5,5
11741,AI사고와데이터리터러시,추교남,1,2,3,5
11807,대학영어회화1,"캘럼 맥코
트",2,0,5,5
11820,대학영어회화1,"브렌트 맥
납",2,1,5,5
11936,대학영어회화1,유원,2,0,5,5
11941,대학영어회화1,"캘럼 맥코
트",2,2,5,5
11988,대학영어회화1,데릭 스톤,2,2,4,5
12054,대학영어회화1,데릭 스톤,2,3,5,5
12143,임상여성학,OCU,3,0,5,5
12146,문학과테마기행,OCU,3,1,4,5
12147,운동처방실제,OCU,2,1,5,5
12151,모두의인공지능,OCU,4,3,5,5
12152,4차산업혁명기술과자동차이야기,OCU,3,4,2,5
9049,(HUSS국립부경대)사회복지역사,미배정,1,4,2,4
9051,(HUSS대구대)다문화시대디지털문화와언어,미배정,1,4,1,4
9062,(HUSS서강대)유럽의신화와문화콘텐츠산업,미배정,1,3,3,4
9076,사회과학 통계세미나,맹성준,4,2,3,4
9085,국제복합운송론,장진열,1,4,1,4
9090,NCS의 이해,취업경력개발원,2,1,3,4
9096,생활속의창업특허,창업지원단,4,2,2,4
9099,스타트업물류사례및트랜드,최병조,4,2,3,4
9102,스타트업트랜드,최병조,4,4,2,4
9104,창업마케팅AtoZ,최병조,3,3,3,4
9109,패션브랜드창업의이해,창업지원단,3,1,4,4
9110,평생교육론,이은경,4,1,4,4
9117,교육철학및교육사,윤선인,1,0,4,4
9122,디지털교육,최두호,1,0,4,4
9131,교육행정및교육경영,한은정,3,1,4,4
9132,교육행정및교육경영,한은정,3,3,3,4
9154,INU전공탐구,융합자유전공대학,4,1,3,4
9156,과학기술과인간의대화,정경숙,1,3,2,4
9159,국제정세의이해,송윤진,2,3,1,4
9160,국제정세의이해,송윤진,2,4,0,4
9168,근현대세계와한국사,황묘희,3,0,4,4
9170,기초독일어,최은녕,2,3,1,4
9180,문제해결을위한파이썬,이선아,2,2,2,4
9181,문제해결을위한파이썬,김백현,1,3,1,4
9181,문제해결을위한파이썬,김백현,2,3,1,4
9187,미래를바꾸는말한마디,안호림,1,4,1,4
9188,미학의이해,윤영규,2,3,1,4
9188,미학의이해,윤영규,4,1,4,4
9189,미학의이해,윤영규,4,3,1,4
9192,사회과학고전읽기,조형진,3,4,1,4
9194,서양의역사와문화,안창모,3,0,4,4
9196,세상의심장으로자신을브랜드하라,양근용,2,4,0,4
9203,알기쉬운통계원리,최원,3,2,2,4
9210,인문으로수학읽기,이승재,1,1,3,4
9210,인문으로수학읽기,이승재,2,2,4,4
9210,인문으로수학읽기,이승재,4,1,4,4
9214,일본어1,전혜수,1,2,3,4
9215,일본어1,문인숙,2,1,3,4
9216,일본어1,문인숙,2,2,3,4
9218,중국어1,안성재,2,2,2,4
9222,지역사회와사회공헌,이지혜,2,2,3,4
9225,지역사회와사회공헌,이지혜,3,2,2,4
9231,취창업진로세미나,취업경력개발원,1,1,3,4
9233,한국미술과문화,구진경,4,2,2,4
9238,현대과학의풍경읽기,정경숙,3,1,4,4
9239,현대물리학의이해,김용철,3,0,4,4
9246,3D모션캡쳐와관련기술의적용,교육혁신본부,4,1,4,4
9249,AI시대의데이터분석입문,황태준,1,4,0,4
9252,GOLF,이세원,2,4,0,4
9259,Language and Culture,조지민,2,3,1,4
9262,SPORTS CLIMBING,김인경,1,1,3,4
9263,SPORTS CLIMBING,김인경,2,1,3,4
9266,StepbyStep피아노,김준희,2,3,1,4
9267,StepbyStep피아노,허자현,2,3,1,4
9271,WEIGHT TRAINING,미배정,2,2,3,4
9271,WEIGHT TRAINING,미배정,3,3,1,4
9274,검도,박영민,2,3,1,4
9275,결혼과가족,류민영,4,1,3,4
9278,경이로운생명이야기,윤영준,1,3,1,4
9287,글로벌인천스토리텔링,송승석,1,3,2,4
9291,기초아랍어,김효정,2,1,3,4
9296,노자리더십의현대적해석,안성재,2,2,2,4
9303,동양의지혜와윤리,송승석,4,2,2,4
9304,동양의지혜와윤리,송승석,2,1,3,4
9306,디지털미디어로보는무역과통상,고보민,1,3,4,4
9310,만화와웹툰의재구성,한상정,2,1,3,4
9310,만화와웹툰의재구성,한상정,4,1,3,4
9312,문학의숲에서치유를만나다,전미정,4,2,2,4
9313,문학의숲에서치유를만나다,전미정,4,3,2,4
9317,문화예술로배우는생명의기원,예정용,3,4,2,4
9320,물의위기와환경,이민수,1,3,1,4
9323,미래사회이해와미래예측,오형석,1,2,2,4
9324,미래사회이해와미래예측,오형석,2,2,2,4
9327,배움특강,학생취업처,3,1,4,4
9331,사고력향상법,박동명,1,4,0,4
9331,사고력향상법,박동명,3,1,3,4
9332,사례로보는광고의원리,박진성,1,2,2,4
9332,사례로보는광고의원리,박진성,4,2,2,4
9333,사회문제해결을위한공공데이터활용역량강화,교육혁신본부,1,2,2,4
9334,사회적경제기업가의경영전략,교육혁신본부,1,1,4,4
9334,사회적경제기업가의경영전략,교육혁신본부,3,1,3,4
9336,삶과경력개발,교육혁신본부,2,2,2,4
9339,생활법률,이윤희,3,1,3,4
9342,생활속의경제원리,이기환,1,2,3,4
9349,소도구필라테스체형교정,양명주,2,2,2,4
9349,소도구필라테스체형교정,양명주,4,2,2,4
9357,스포츠로이해하는개념,윤기준,2,2,3,4
9358,신비로운해양생물이야기,이재성,3,1,3,4
9359,실생활에서만나는경영의사결정,교육혁신본부,3,1,3,4
9361,실전토익700,차현지,1,3,1,4
9371,영상으로만나는중국,이정희,2,3,1,4
9375,영화예술과문화생활,박근수,1,3,1,4
9383,음악과스토리텔링으로읽는글로벌KCulture,김규,1,1,3,4
9383,음악과스토리텔링으로읽는글로벌KCulture,김규,4,1,4,4
9387,인간과우주,정연철,3,0,4,4
9388,인간과우주,정연철,1,2,2,4
9388,인간과우주,정연철,2,3,1,4
9390,인공지능시대의스피치교육,교육혁신본부,3,1,3,4
9391,인공지능시대의의사소통역량교육,교육혁신본부,2,2,3,4
9391,인공지능시대의의사소통역량교육,교육혁신본부,3,1,3,4
9394,인성건강과인문치료,윤영돈,1,3,1,4
9395,일본문화의이해,박진한,2,4,1,4
9397,종교와문화,정용택,2,3,1,4
9401,처음하는기타연주,김현승,1,2,2,4
9405,처음하는기타연주,조예리,1,3,1,4
9406,첨단바이오산업과미래기술,이동택,2,3,2,4
9412,프랑스문화와예술,김영은,1,3,1,4
9420,한국미술과미,송윤주,1,1,3,4
9440,현대사회와사회복지,남은지,2,2,2,4
9677,물권법2,진도왕,3,3,1,4
9679,헌법(2),김영진,2,1,4,4
9682,형법각론,정배근,1,1,3,4
9692,환경법,남상택,3,0,4,4
9697,중국투자법,김호,3,1,4,4
9699,헌법연습 I,김영진,4,3,1,4
9730,물류와모빌리티,안승범,3,2,4,4
9734,계량물류분석론,송상화,4,0,4,4
9740,경제학원론,김종인,1,0,4,4
9760,중급중국어회화,전걸,2,0,4,4
9781,생화학,권오윤,2,0,4,4
9782,유기화학(1),심민석,2,0,4,4
9785,나노바이오실험1,이승호,3,2,2,4
9787,세포생물학,이승호,4,0,4,4
9795,유기화학(1),박경민,4,1,4,4
9798,식품공학개론,서명지,4,1,3,4
9812,일반생물학(1),김준섭,1,3,4,4
9817,일반생물학실험(1),장성호,1,2,3,4
9824,자기설계세미나 I,장성호,1,3,1,4
9824,자기설계세미나 I,장성호,2,0,4,4
9827,분자의생명전공탐색,강하라,1,1,4,4
9830,미생물및생화학실험,예정용,2,2,3,4
9835,미생물학,예정용,2,0,4,4
9839,뇌과학,김재근,4,1,3,4
9840,동물생리및병리학실험,김재근,3,2,3,4
9841,발생생물학및줄기세포학,이미수,3,1,4,4
9862,수리생물학입문,이종구,4,2,4,4
9864,신경생물학,권형욱,4,1,4,4
9865,행동생물학,김길원,4,2,4,4
9869,물리학,유상구,1,2,3,4
9869,물리학,유상구,3,0,4,4
9870,생물학기초(1),박준태,2,0,4,4
9874,생물학기초실험(1),봉지홍,1,2,2,4
9875,생물학기초실험(1),강기윤,3,1,3,4
9881,화학실험,강동구,1,1,3,4
9900,건축구조의 적용,김민수,3,0,4,4
9901,도시계획유산연구,최정윤,3,1,3,4
9902,도시설계의 이해,곽동화,3,0,4,4
9903,한국건축사,김대한,3,0,4,4
9905,도시재생의이해,김효정,4,1,4,4
9906,설계스튜디오5,신세철,4,0,4,4
9916,건축구조역학,박지훈,3,1,4,4
9917,건축시공,박경모,3,1,4,4
9927,건축실시설계,김동우,4,2,2,4
9931,대학수학(1),김흥숙,1,2,3,4
9937,건축기초설계1,김미선,1,3,1,4
9939,자기설계세미나 I,김한규,1,3,2,4
9960,교통공학개론,최현주,2,1,3,4
9994,환경오염복원공학,김철용,4,0,4,4
9996,대학수학(1),손홍민,1,1,3,4
10004,확률및통계,김경희,2,0,4,4
10006,정역학및연습,이헌우,3,0,4,4
10024,Hydroinformatics,장동우,3,1,4,4
10040,도시데이터마이닝,양욱재,1,0,4,4
10041,도시행정학,미배정,1,0,4,4
10041,도시행정학,미배정,2,1,4,4
10041,도시행정학,미배정,3,0,4,4
10044,도시사회학이론,최혜민,4,1,4,4
10046,도시재무행정론,강철구,2,0,4,4
10054,도시환경빅데이터분석,최승준,4,2,3,4
10055,부동산경제론,이슬,4,0,4,4
10136,선형대수학1,정찬석,1,1,3,4
10146,현대대수학1,장규환,3,1,4,4
10147,확률및통계2,하구용,3,1,4,4
10156,일본어문법,최은혁,2,0,4,4
10157,일본어학개론,조선영,2,0,4,4
10187,국어교육을위한기초한문,배은희,2,0,4,4
10189,수사학과작문교육론,이중언,2,0,4,4
10198,기초인체해부학,박영민,1,2,2,4
10221,기능해부학,홍성현,2,0,4,4
10223,GX,임명주,2,0,4,4
10225,스포츠클라이밍,도은나,2,2,3,4
10226,스포츠클라이밍,도은나,2,1,3,4
10232,운동부하검사,미배정,3,0,4,4
10296,해양스포츠,김민철,2,1,4,4
10308,유소년스포츠지도,강년주,3,1,4,4
10310,테니스기초,임새미,3,2,4,4
10312,과학적기능평가,김찬기,4,0,4,4
10315,스포츠지도실습,윤기준,2,0,4,4
10318,야구,강년주,4,2,4,4
10363,평면과디자인,이정연,3,3,1,4
10368,디자인발상과드로잉,이기오,1,3,2,4
10371,영상과디자인,유동현,1,2,3,4
10371,영상과디자인,유동현,2,1,3,4
10376,기초제품디자인,조유석,3,2,3,4
10377,3D 컴퓨터 디자인,홍민석,2,2,2,4
10379,GUI디자인,이운형,3,1,3,4
10385,레이아웃디자인,전혜연,3,2,4,4
10386,레이아웃디자인,전혜연,3,2,2,4
10392,타이포와이미지,신민정,4,3,3,4
10398,색채와디지털이미지,김지룡,3,1,4,4
10434,채색화실기(1),고찬규,3,0,4,4
10442,입체와공간1,김병주,1,1,4,4
10460,세법총론,전흥재,1,1,3,4
10462,소득세법,정유석,1,0,4,4
10465,중급회계(1),김광태,1,0,4,4
10465,중급회계(1),김광태,3,1,4,4
10467,회계원리연습,진덕수,3,1,3,4
10468,IT활용회계,황희주,3,2,4,4
10469,고급회계,유영태,4,1,4,4
10474,재무회계연습,김광태,4,0,4,4
10486,경영학원론,박현준,3,4,0,4
10486,경영학원론,박현준,4,2,3,4
10487,경영학원론,김경미,3,2,2,4
10488,경영학원론,김경미,4,1,3,4
10490,회계원리,홍기용,4,2,3,4
10492,회계원리,이현주,3,3,3,4
10492,회계원리,이현주,4,3,2,4
10493,회계원리,이현주,3,2,2,4
10494,회계원리,김명주,4,2,2,4
10499,MIS개론,김태훈,3,2,3,4
10502,경영과학,김태호,3,3,3,4
10503,경영과학,이상훈,4,2,2,4
10504,경영과학,이상훈,4,2,2,4
10505,마케팅원론,허승,1,0,4,4
10506,마케팅원론,임영수,3,2,2,4
10507,마케팅원론,임영수,2,0,4,4
10507,마케팅원론,임영수,4,2,2,4
10508,마케팅원론,박은하,3,1,3,4
10509,마케팅원론,박은하,2,3,1,4
10510,마케팅원론,허승,3,4,3,4
10520,광고론,윤태웅,4,2,3,4
10521,광고론,윤태웅,4,0,4,4
10525,데이터애널리틱스와비즈니스인텔리전스,안진원,3,3,2,4
10530,인적자원관리,황태진,3,1,4,4
10531,인터넷마케팅,김성광,3,0,4,4
10541,파생상품론,김선호,4,1,3,4
10544,C언어프로그래밍(1),원경호,1,1,4,4
10546,이산수학,황광일,1,1,4,4
10549,MATLAB프로그래밍,최병조,1,1,4,4
10550,임베디드전공설계세미나1,황광일,1,1,4,4
10555,운영체제,강석훈,4,3,4,4
10556,임베디드구조,김현범,2,1,4,4
10570,이산수학론,우요섭,1,0,4,4
10574,전자물리,이병주,1,1,4,4
10576,ICT공학수학,강승택,2,1,3,4
10588,컴퓨터알고리즘,김동훈,2,2,2,4
10603,딥러닝론,조경훈,4,0,4,4
10621,이산수학,김지범,2,1,4,4
10621,이산수학,김지범,3,0,4,4
10622,컴퓨터공학개론,전혜경,2,1,4,4
10630,확률및통계,김현정,1,2,4,4
10636,Java언어,허혜선,1,1,3,4
10640,시뮬레이션 기초 및 실습,김지범,3,2,2,4
10644,기계학습,이상엽,4,4,1,4
10645,기계학습,김인수,4,3,2,4
10649,운영체제,미배정,3,4,0,4
10650,운영체제,박문주,4,4,0,4
10652,데이터마이닝,이장호,4,0,4,4
10655,사이버공격및방어,이승수,4,1,4,4
10676,공학프로그래밍,김우용,2,1,4,4
10688,기계진동,윤종윤,3,1,3,4
10701,일반화학(1),노윤호,2,3,2,4
10703,일반화학실험(1),정관영,2,4,0,4
10733,안전공학개론,김태훈,1,2,2,4
10738,전기공학기초,이택형,2,2,4,4
10744,수리수문학,송창근,3,0,4,4
10746,기계요소안전설계,최재헌,4,2,4,4
10747,안전경영시스템,구권호,4,1,3,4
10749,대학수학(1),장일승,1,2,3,4
10756,금속재료,김정곤,4,1,4,4
10757,재료의전기적성질,박재윤,4,1,3,4
10761,재료물리화학(2),장태후,3,1,4,4
10762,재료전자기학,장태후,4,1,4,4
10771,산업경영공학개론,장석화,2,2,2,4
10772,생성형AI활용,이준혁,1,0,4,4
10772,생성형AI활용,이준혁,4,1,4,4
10773,확률및통계(1),류도현,1,2,2,4
10779,데이터베이스,이세린,1,0,4,4
10797,CAD알고리즘,김교선,2,1,4,4
10799,회로이론,박창주,3,3,2,4
10801,전파공학,김영현,4,0,4,4
10809,대학수학(1),정유정,1,1,3,4
10814,물리(1),강유리,1,3,1,4
10818,소프트웨어입문,김교선,4,3,1,4
10823,복소함수및벡터,구경헌,3,1,3,4
10824,스마트시스템입문,김영현,4,3,2,4
10835,전자기학,서정현,4,3,2,4
10837,프로그래밍언어,최욱,4,2,2,4
10841,반도체소자,이영훈,4,3,1,4
10843,전자회로,유종근,4,3,1,4
10845,전자회로,유종근,4,3,2,4
10847,전자회로실험,유종근,3,4,2,4
10866,컴퓨터프로그래밍,서재완,1,2,2,4
10890,전력전자공학,윤한신,3,1,4,4
10911,대학수학(1),권재성,1,1,3,4
10916,물리(1),유상구,1,3,2,4
10923,물리실험(1),송은선,1,1,3,4
10924,물리실험(1),함효식,1,2,2,4
10928,기계기초프로그래밍,김승권,2,0,4,4
10935,고체역학1,구상모,2,0,4,4
10951,응용기계수학1,이강주,3,1,3,4
10957,기계진동,김백진,3,2,2,4
10961,유체역학(2),한민섭,1,1,4,4
10968,기계공학실험,남동호,3,3,2,4
10978,마이크로패키징,김정호,4,1,3,4
10985,소비자와시장,박지우,3,2,4,4
10987,고객서비스,이명현,3,0,4,4
10996,매장관리,박양희,3,2,4,4
10997,상품개발론,미배정,3,2,4,4
11008,경영학원론,이루리,3,2,2,4
11009,경영학원론,유담,3,2,3,4
11010,경제학원리(1),주현,1,3,1,4
11011,경제학원리(1),주현,3,3,2,4
11013,경제학원리(1),김순홍,3,3,1,4
11016,e-biz개론,유병국,3,1,4,4
11021,금융경제학,김준식,3,2,2,4
11023,물류개론,안영효,4,4,1,4
11025,물류개론,안영효,1,0,4,4
11025,물류개론,안영효,4,1,3,4
11028,회계원리,이창현,3,3,3,4
11029,MICE개론,정진영,4,1,3,4
11031,국제경영론,유담,4,2,3,4
11034,디지털비즈니스애널리틱스,김경원,4,1,3,4
11036,서비스마케팅론,이루리,2,0,4,4
11039,관세론,김필준,3,2,3,4
11039,관세론,김필준,4,1,3,4
11046,경제자료의이해와활용,김종주,4,2,4,4
11047,시사경제1,임조순,4,2,3,4
11049,기후경제학,강희찬,4,2,2,4
11053,경제학원리(1),서세욱,4,3,4,4
11067,국제무역론,이원경,4,2,3,4
11072,거시경제학특강,이원경,4,1,3,4
11075,국제정치의이해,이효원,3,1,4,4
11080,현대사회와민주주의,강진옥,3,0,4,4
11081,강대국정치론,강지연,3,1,4,4
11082,젠더와정치,우병득,4,2,4,4
11084,빅데이터와정치,우병득,4,0,4,4
11094,인간관계론,채드 앤더슨,4,1,4,4
11102,진로세미나I,타오,4,1,3,4
11103,공기업론,박소영,4,2,3,4
11113,인적자원자료분석의실제,유현주,2,1,3,4
11114,전략적HRD세미나,김진용,2,1,3,4
11133,정보검색,장수현,4,1,4,4
11136,도서및도서관사,김혜경,3,1,3,4
11139,휴먼커뮤니케이션입문,김은이,3,0,4,4
11144,영상제작실습기초,남윤국,1,1,3,4
11147,PR원론,이수범,2,1,3,4
11150,디지털영상제작(1),장태희,2,1,4,4
11153,미디어리서치실습,반현,3,2,3,4
11154,미디어리서치실습,반현,4,3,2,4
11155,엔터테인먼트산업론,나정희,3,1,4,4
11157,미디어생태계탐색,이동후,3,0,4,4
11157,미디어생태계탐색,이동후,4,2,3,4
11160,위기관리전략,송민호,3,1,3,4
11162,자기설계세미나 I,남은지,1,1,3,4
11164,사회문제론,장애지,3,0,4,4
11166,사회복지실천론,최보라,2,0,4,4
11170,아동복지론,정선영,4,3,1,4
11174,청소년복지론,윤용희,4,3,3,4
11180,일반물리학,김진영,1,1,4,4
11183,일반생물학(1),김장균,1,2,4,4
11188,일반화학실험(1),김진호,1,1,3,4
11192,생물해양학 및 실험,이호준,2,1,3,4
11196,지질해양학1,김영균,2,1,3,4
11198,해양무척추생물학,이재성,3,1,4,4
11200,양식과환경,미배정,3,2,2,4
11201,물리해양학2,이경재,3,1,4,4
11212,섬유소재이해,조윤경,2,1,4,4
11213,색채와패션,한나리,1,2,2,4
11214,색채와패션,한나리,1,2,4,4
11226,글로벌패션소비자,권기용,4,1,3,4
11250,물리화학실험,방지원,3,0,4,4
11254,에너지화학,임태은,3,0,4,4
11254,에너지화학,임태은,4,1,3,4
11255,유기화학(3),김태현,3,0,4,4
11266,일반생물학(1),이탁기,1,1,4,4
11268,일반화학실험(1),김태현,1,1,4,4
11274,역학실험,한강희,2,2,2,4
11282,계측실험1,김진영,3,1,3,4
11283,계측실험1,김진영,3,0,4,4
11287,열및통계물리학(1),김정우,3,0,4,4
11290,물리연구캡스톤디자인,김병훈,4,0,4,4
11302,선형대수학(1),함남우,1,3,2,4
11315,자기설계세미나 I,윤지양,1,2,4,4
11325,집중중국어실습(1),변다은,2,0,4,4
11328,중국전통사상,조봉래,4,2,4,4
11343,기초일본어회화1,나카무라유리,1,1,3,4
11371,프랑스어회화(1),파비앙,2,1,3,4
11385,초급독일어A1 1,주소정,1,2,3,4
11388,초급독일어회화A1 1,미하엘멩케,1,3,3,4
11392,교과교재연구및지도법(영어),김정태,4,1,3,4
11402,자기설계세미나 I,김정경,1,3,4,4
11438,한국어와정보기술,안소진,3,2,2,4
11448,중급독일어회화 A2 1,미하엘멩케,2,1,4,4
11452,독일어구문과표현,박은주,2,1,4,4
11465,실용영어(1),정채관,1,1,4,4
11466,영문법의이해,윤소연,1,1,3,4
11470,영작문(2),알라나 커밍스,2,0,4,4
11472,영어학입문,김정태,1,0,4,4
11480,영국문학사,하인혜,3,1,3,4
11484,영어권 작가 연구,신나미,3,1,4,4
11485,영어음운론,정예지,3,0,4,4
11488,Academic English,이은재,1,2,3,4
11500,Academic English,김연정,1,1,4,4
11527,Academic English,이은재,1,0,4,4
11603,AI시대의글쓰기이론과실제,김은경,1,3,2,4
11604,AI시대의글쓰기이론과실제,양현진,1,3,3,4
11620,AI시대의글쓰기이론과실제,최혜림,1,1,3,4
11640,AI시대의글쓰기이론과실제,이태희,1,1,3,4
11724,AI시대의글쓰기이론과실제,이승윤,1,1,3,4
11744,AI사고와데이터리터러시,추교남,1,2,4,4
11755,AI사고와데이터리터러시,황태준,1,1,4,4
11790,대학영어회화1,데릭 스톤,2,2,2,4
11791,대학영어회화1,데릭 스톤,2,0,4,4
11793,대학영어회화1,유원,2,0,4,4
11876,대학영어회화1,데이비드,2,1,4,4
11894,대학영어회화1,피터 래버,2,0,4,4
11898,대학영어회화1,"브렌트 맥
납",2,0,4,4
11899,대학영어회화1,"티모시 톰
슨",2,0,4,4
11914,대학영어회화1,코리 로슨,2,0,4,4
11944,대학영어회화1,데이비드,2,1,3,4
11946,대학영어회화1,매튜,2,1,3,4
11949,대학영어회화1,피터 래버,2,1,4,4
11950,대학영어회화1,"티모시 톰
슨",2,0,4,4
11951,대학영어회화1,"티모시 톰
슨",2,0,4,4
11957,대학영어회화1,유원,2,1,4,4
12045,대학영어회화1,브렌트 맥,2,2,3,4
12047,대학영어회화1,브렌트 맥,2,2,3,4
12057,대학영어회화1,유원,2,1,3,4
12145,힌두교와인도문화,OCU,3,0,4,4
12147,운동처방실제,OCU,1,0,4,4
12148,인문학과자기경영의만남,OCU,2,0,4,4
12149,컴퓨터보안과활용,OCU,4,1,4,4
12150,마음을읽어주는미술치료,OCU,1,0,4,4
9050,(HUSS국립부경대)포용사회와문화탐방1,미배정,1,3,0,3
9052,(HUSS대구대)동아시아경제와사회통합,미배정,1,3,1,3
9053,(HUSS상지대)포용사회와민주시민교육,미배정,1,2,2,3
9057,(HUSS서강대)성격심리학의주요관점,미배정,1,2,2,3
9069,미래형자동차개론,윤한신,4,1,3,3
9070,미래형자율주행시스템,이명훈,3,0,3,3
9071,미래형친환경차시스템,윤한신,4,2,3,3
9075,데이터사이언스 개론,김규환,3,0,3,3
9077,문화예술기획캡스톤디자인,강미정,4,0,3,3
9079,문화아카이빙의이해,손동유,2,0,3,3
9079,문화아카이빙의이해,손동유,3,2,3,3
9080,AI디자인스튜디오1,강인보,2,1,2,3
9085,국제복합운송론,장진열,3,1,2,3
9086,글로벌해운경제론,하민호,4,1,3,3
9105,창업프로젝트실습1,창업지원단,1,3,1,3
9108,커리어로드맵,취업경력개발원,2,1,2,3
9112,해양경찰학개론,김병로,3,1,2,3
9115,핵심취업전략특강,취업경력개발원,3,1,2,3
9118,교육철학및교육사,윤선인,1,0,3,3
9119,교육학개론,윤선인,1,0,3,3
9130,교육과정,미배정,3,0,3,3
9143,교육봉사활동,최현필,4,1,3,3
9146,융합교육의 이론과 실제,김평원,3,0,3,3
9152,(이공계를위한)수학,김인현,1,2,1,3
9152,(이공계를위한)수학,김인현,3,1,2,3
9156,과학기술과인간의대화,정경숙,3,1,2,3
9160,국제정세의이해,송윤진,1,2,1,3
9161,근대적지식인은어떻게탄생하였나세미나,이용화,1,3,0,3
9161,근대적지식인은어떻게탄생하였나세미나,이용화,3,3,2,3
9162,근대적지식인은어떻게탄생하였나세미나,이상원,2,3,0,3
9162,근대적지식인은어떻게탄생하였나세미나,이상원,4,3,0,3
9163,근현대문학거장과의만남,김계영,3,1,2,3
9165,근현대문학거장과의만남,김계영,2,2,1,3
9166,근현대세계와한국사,황묘희,1,2,1,3
9167,근현대세계와한국사,이상의,4,3,0,3
9172,기초독일어,최은녕,2,1,2,3
9176,기초프랑스어,김용민,2,2,1,3
9177,기초프랑스어,이명은,1,1,2,3
9182,문제해결을위한파이썬,김백현,1,3,1,3
9182,문제해결을위한파이썬,김백현,3,1,2,3
9184,문학과함께행복의길찾기,전미정,4,3,0,3
9185,문학욕망의윤리를말하다,최혜림,4,3,1,3
9186,미래를바꾸는말한마디,안호림,3,2,1,3
9190,비판적사고력연습,이재유,2,2,1,3
9192,사회과학고전읽기,조형진,4,2,1,3
9202,심리학의이해,서신화,4,2,2,3
9203,알기쉬운통계원리,최원,1,3,2,3
9203,알기쉬운통계원리,최원,4,2,1,3
9205,열린사회와다문화,정선주,4,3,1,3
9209,인간관계와리더십,홍혜연,3,1,2,3
9210,인문으로수학읽기,이승재,3,2,1,3
9213,일본어1,전혜수,3,2,1,3
9214,일본어1,전혜수,3,1,2,3
9221,지역사회와사회공헌,이지혜,3,2,2,3
9222,지역사회와사회공헌,이지혜,3,2,1,3
9228,초급영어글쓰기,김혜경,3,3,1,3
9229,초급영어글쓰기,김혜경,1,2,1,3
9234,한국미술과문화,구진경,1,2,1,3
9237,한국사의이해,이형우,2,1,2,3
9240,현대물리학의이해,김용철,4,1,2,3
9242,현대사회와빅데이터,양태연,2,1,2,3
9243,현대사회와빅데이터,양태연,1,3,1,3
9247,AI로쉽게배우는R통계,김성연,1,3,1,3
9248,AI시대의데이터분석입문,황태준,2,1,2,3
9249,AI시대의데이터분석입문,황태준,2,2,2,3
9249,AI시대의데이터분석입문,황태준,3,2,2,3
9250,AI코딩을활용한창의적앱개발,추교남,1,3,1,3
9250,AI코딩을활용한창의적앱개발,추교남,4,2,2,3
9252,GOLF,이세원,4,2,1,3
9253,GOLF,이세원,1,1,2,3
9253,GOLF,이세원,4,2,2,3
9254,Introduction to Film and Media Studies,조지민,1,0,3,3
9255,Introductory College Writing,피터 래버,3,2,1,3
9257,K컨텐츠제작의실제,미배정,1,0,3,3
9259,Language and Culture,조지민,3,0,3,3
9260,OTL론,서진완,3,2,2,3
9262,SPORTS CLIMBING,김인경,2,1,3,3
9264,StepbyStep피아노,김준희,2,0,3,3
9268,StepbyStep피아노,허자현,2,1,2,3
9269,StepbyStep피아노,최정윤,1,2,2,3
9273,검도,박영민,2,2,1,3
9277,경영데이터분석,강희재,4,1,2,3
9278,경이로운생명이야기,윤영준,3,1,2,3
9279,경이로운생명이야기,윤영준,3,2,2,3
9281,공공이슈와논쟁,채드 앤더슨,2,2,1,3
9282,공자의인성론과리더십,안성재,2,2,1,3
9284,교과서에서만나지못한조선의역사,교육혁신본부,4,1,2,3
9286,글로벌실무영어,김연정,1,3,2,3
9286,글로벌실무영어,김연정,2,2,1,3
9287,글로벌인천스토리텔링,송승석,3,2,1,3
9296,노자리더십의현대적해석,안성재,1,2,1,3
9297,노코드AI데이터분석실무,이선아,2,2,1,3
9298,녹색성장과환경,박찬진,3,2,1,3
9299,뉴스영어통역워크숍,박효진,3,1,2,3
9303,동양의지혜와윤리,송승석,3,0,3,3
9309,디지털시대의모바일앱만들기,박승진,1,2,1,3
9309,디지털시대의모바일앱만들기,박승진,2,2,1,3
9310,만화와웹툰의재구성,한상정,1,1,3,3
9312,문학의숲에서치유를만나다,전미정,1,3,0,3
9314,문화로배우는생활프랑스어,이영석,2,2,1,3
9317,문화예술로배우는생명의기원,예정용,1,2,2,3
9318,문화콘텐츠로보는우리역사,이형우,1,0,3,3
9318,문화콘텐츠로보는우리역사,이형우,2,2,1,3
9319,물류의이해,김우중,4,0,3,3
9320,물의위기와환경,이민수,4,2,1,3
9324,미래사회이해와미래예측,오형석,1,1,2,3
9330,비즈니스소프트웨어,박승진,2,0,3,3
9333,사회문제해결을위한공공데이터활용역량강화,교육혁신본부,2,2,2,3
9334,사회적경제기업가의경영전략,교육혁신본부,2,2,2,3
9336,삶과경력개발,교육혁신본부,1,1,2,3
9336,삶과경력개발,교육혁신본부,4,1,2,3
9338,생활법률,이윤희,3,1,3,3
9338,생활법률,이윤희,4,2,1,3
9339,생활법률,이윤희,4,1,2,3
9343,서양의지혜와철학,송대현,2,2,1,3
9344,서양의지혜와철학,송대현,1,3,0,3
9346,세계인식과인간의이해,이강원,1,3,1,3
9346,세계인식과인간의이해,이강원,2,3,2,3
9350,소셜미디어시대의명상과수련,김윤경,2,2,3,3
9351,수학과AI로보는세상,이승재,1,3,0,3
9355,스토리텔링뮤직,김규,4,1,2,3
9359,실생활에서만나는경영의사결정,교육혁신본부,2,1,2,3
9359,실생활에서만나는경영의사결정,교육혁신본부,4,1,2,3
9362,야구,강년주,2,2,1,3
9362,야구,강년주,3,0,3,3
9369,영미문학의변신디지털시대의콘텐츠로,교육혁신본부,1,1,3,3
9380,우리가살고있는신비한지구,최윤성,3,1,2,3
9380,우리가살고있는신비한지구,최윤성,4,1,2,3
9381,융복합시대의스피치커뮤니케이션,김평원,3,0,3,3
9382,음악과사회,김희진,2,1,2,3
9388,인간과우주,정연철,3,0,3,3
9389,인공지능시대의미디어교육,교육혁신본부,3,0,3,3
9390,인공지능시대의스피치교육,교육혁신본부,1,2,3,3
9391,인공지능시대의의사소통역량교육,교육혁신본부,1,0,3,3
9394,인성건강과인문치료,윤영돈,2,1,2,3
9394,인성건강과인문치료,윤영돈,4,2,1,3
9397,종교와문화,정용택,3,1,2,3
9402,처음하는기타연주,권정구,2,1,3,3
9403,처음하는기타연주,권정구,1,3,1,3
9404,처음하는기타연주,조예리,1,3,1,3
9404,처음하는기타연주,조예리,2,2,2,3
9412,프랑스문화와예술,김영은,2,3,1,3
9413,피아노능숙하게다루기,최정윤,1,1,3,3
9413,피아노능숙하게다루기,최정윤,2,1,3,3
9436,한반도와유라시아,조형진,4,2,2,3
9437,한자와중국어,안성재,2,1,2,3
9442,현대사회와인성,신승원,2,2,3,3
9444,협상의심리와전략,고보민,1,2,1,3
9445,회계원리와세무의이해,홍기용,2,1,2,3
9561,대학수학(1),유성민,1,2,1,3
9671,민법총칙,맹광호,1,1,3,3
9674,법학개론,노영돈,1,1,3,3
9675,상법총론,미배정,2,1,3,3
9677,물권법2,진도왕,2,1,3,3
9678,물권법2,진도왕,2,0,3,3
9679,헌법(2),김영진,3,2,3,3
9680,헌법(2),김영진,3,2,1,3
9681,형법각론,정배근,4,0,3,3
9685,형사소송법,정배근,2,0,3,3
9695,산업재해보상보험법,이태현,3,3,0,3
9700,형법종합연습,정배근,4,2,2,3
9701,전공설계세미나,홍다현,1,1,2,3
9729,화물운송론,이향숙,2,2,1,3
9729,화물운송론,이향숙,4,0,3,3
9731,물류운영관리,민윤홍,2,1,2,3
9731,물류운영관리,민윤홍,3,2,2,3
9732,해상운송론,이해찬,4,1,2,3
9741,경제학적사고와통계,한도숙,1,1,2,3
9741,경제학적사고와통계,한도숙,2,0,3,3
9747,러시아경제론,성원용,2,0,3,3
9748,러시아어독해작문(2),정영순,2,0,3,3
9749,미국경제이론과정책,한도숙,2,0,3,3
9752,영어독해작문(2),Cruz Jr Fidel Richard,2,0,3,3
9755,중국어독해작문(2),전걸,2,0,3,3
9756,중급러시아경제강독,성원용,2,0,3,3
9757,중급러시아어회화,정영순,2,0,3,3
9758,중급영어회화,Cruz Jr Fidel Richard,2,0,3,3
9761,한중경제관계론,김민수,2,0,3,3
9762,금융데이터분석,국세정,4,0,3,3
9763,거시자료분석,김부용,4,1,3,3
9774,RISE,송영준,4,0,3,3
9778,나노기초실험1,송영준,2,0,3,3
9783,무기화학,한상길,2,0,3,3
9783,무기화학,한상길,3,1,3,3
9784,일반미생물학,김준섭,2,0,3,3
9798,식품공학개론,서명지,3,1,3,3
9809,대학수학(1),김기태,2,0,3,3
9811,일반물리학,미배정,2,1,3,3
9813,일반생물학(1),장성호,2,0,3,3
9814,일반생물학실험(1),김준섭,1,3,0,3
9814,일반생물학실험(1),김준섭,2,1,3,3
9815,일반생물학실험(1),김준섭,1,3,0,3
9818,일반화학(1),그레고리 아이작 피터슨,2,0,3,3
9820,일반화학실험(1),그레고리 아이작 피터슨,1,1,2,3
9826,자기설계세미나 I,이동택,1,2,1,3
9828,융합자유전공대학생을위한생물학기초,봉지홍,1,2,2,3
9834,인체생리학,김재근,4,1,2,3
9835,미생물학,예정용,4,0,3,3
9838,고급분자생물학,강하라,3,1,3,3
9841,발생생물학및줄기세포학,이미수,4,1,3,3
9844,바이오의약품학,봉지홍,4,0,3,3
9845,신약개발론,이미수,4,0,3,3
9848,물리학실험,권남오,3,0,3,3
9870,생물학기초(1),박준태,3,0,3,3
9871,생물학기초(1),강기윤,1,3,0,3
9872,생물학기초실험(1),강기윤,1,2,1,3
9873,생물학기초실험(1),박준태,1,2,2,3
9875,생물학기초실험(1),강기윤,1,2,1,3
9876,자기설계세미나 I,박준태,1,1,3,3
9880,화학,권태현,2,1,3,3
9881,화학실험,강동구,2,1,3,3
9883,화학실험,그레고리 아이작 피터슨,1,1,3,3
9919,건축재료,김혜주,2,0,3,3
9920,건축사업비관리,구충완,3,1,2,3
9929,건축법과클레임관리,박경모,4,1,3,3
9944,자기설계세미나 I,구충완,1,2,1,3
9950,대학수학(1),함남우,1,2,2,3
9950,대학수학(1),함남우,2,1,2,3
9955,비즈니스설계,박승진,4,0,3,3
9963,도시설계스튜디오1,김도훈,3,0,3,3
9964,스마트도시교통론,석종수,3,0,3,3
9966,도시공간불평등,엄현주,3,0,3,3
9970,도로교통안전공학,윤병조,4,0,3,3
9972,도시연구방법론,연다혜,4,0,3,3
9982,환경에너지와미래,이도균,4,1,2,3
10014,토질실험,신세희,3,1,3,3
10022,환경실험,이주경,3,0,3,3
10024,Hydroinformatics,장동우,4,1,3,3
10026,건설데이터애널리틱스,강정구,1,1,2,3
10028,교량공학,심형보,4,2,3,3
10032,자기설계세미나 I,박정희,1,2,1,3
10040,도시데이터마이닝,양욱재,3,0,3,3
10042,공공인적자원관리론,이창길,3,0,3,3
10043,도시계획론,최승준,3,0,3,3
10046,도시재무행정론,강철구,4,2,2,3
10053,도시정책분석론,백정미,4,0,3,3
10063,도덕윤리교육론,김진하,2,0,3,3
10090,유아교육론,김현경,1,0,3,3
10091,자기설계세미나 I,정윤주,1,0,3,3
10092,숲유치원교육론,김민정,1,0,3,3
10093,유아음악교육,김상림,1,0,3,3
10101,유아교과교재연구및지도법,김성희,4,1,3,3
10102,현장밀착유아교육세미나,안동근,4,1,3,3
10103,부모교육,정윤주,4,1,3,3
10134,대학수학(1),하구용,1,0,3,3
10135,자기설계세미나,윤영훈,1,0,3,3
10137,수학교사를 위한 인성교육,이창석,1,0,3,3
10138,수학교육과컴퓨터,이동선,1,0,3,3
10159,일본어강독,최현필,2,0,3,3
10160,현장일본어회화Ⅰ,미배정,2,0,3,3
10188,국어음운교육론,김윤신,2,0,3,3
10199,기초인체해부학,박영민,2,2,1,3
10204,건강운동개론,황문현,1,2,1,3
10217,해양훈련,성창훈,2,0,3,3
10231,생체역학,김남웅,3,1,2,3
10243,장애운동재활이론및실습심화,김동일,3,1,2,3
10244,장애질환별체형교정기초,미배정,3,1,2,3
10245,퍼포먼스트레이닝기초,홍성현,3,0,3,3
10274,스포츠커뮤니케이션,박상혁,3,0,3,3
10281,기초기능해부학,전경규,3,1,2,3
10286,스포츠사회학,임새미,1,1,3,3
10291,생존수영,함경수,2,1,2,3
10293,스포츠안전관리,함경수,2,1,2,3
10294,운동생리학실습,이천옥,2,1,3,3
10305,배드민턴기초,이다혜,4,0,3,3
10312,과학적기능평가,김찬기,3,1,2,3
10315,스포츠지도실습,윤기준,3,0,3,3
10320,퍼스널트레이닝,이승원,4,0,3,3
10362,자기설계세미나 I,김시연,1,1,2,3
10362,자기설계세미나 I,김시연,3,1,2,3
10365,평면과디자인,이정연,3,2,1,3
10370,영상과디자인,유동현,2,2,2,3
10371,영상과디자인,유동현,3,1,3,3
10372,입체디자인,박채은,1,2,2,3
10373,입체디자인,박채은,1,1,2,3
10378,3D 컴퓨터 디자인,홍민석,2,2,2,3
10381,그래픽디자인,김시연,3,2,3,3
10381,그래픽디자인,김시연,4,1,2,3
10382,그래픽디자인,김시연,4,3,1,3
10386,레이아웃디자인,전혜연,1,0,3,3
10395,데이터주도제품디자인,박동명,3,2,2,3
10399,색채와디지털이미지,김지룡,4,3,1,3
10400,시각디자인,이서진,3,0,3,3
10412,시각디자인프로젝트,전혜연,4,1,3,3
10413,영상디자인프로젝트,유동현,4,0,3,3
10416,기초동양화,송윤주,1,1,3,3
10420,드로잉1,박수형,4,0,3,3
10424,스튜디오01,이계원,4,0,3,3
10425,스튜디오02,차기율,4,0,3,3
10426,스튜디오03,한효석,4,0,3,3
10432,현대수묵(1),송윤주,3,0,3,3
10441,기초드로잉(적용과 응용),한효석,1,1,3,3
10445,서양미술사,김숙영,2,2,2,3
10449,현대사진미디어,허경란,2,1,3,3
10451,뉴미디어아트1,권혜원,3,0,3,3
10458,회계원리(1),유영태,3,1,3,3
10459,회계원리(1),유영태,3,3,1,3
10460,세법총론,전흥재,2,0,3,3
10461,세법총론,전흥재,3,1,2,3
10462,소득세법,정유석,3,1,2,3
10462,소득세법,정유석,4,0,3,3
10463,소득세법,정유석,3,1,2,3
10467,회계원리연습,진덕수,4,1,3,3
10470,법인세법(2),한홍열,3,1,3,3
10472,지방세법,진덕수,3,1,3,3
10476,데이터과학을위한기초통계학,강희재,3,1,3,3
10483,RISE,윤태웅,4,1,3,3
10485,경영학원론,김경미,3,3,1,3
10487,경영학원론,김경미,2,1,2,3
10488,경영학원론,김경미,1,1,2,3
10497,MIS개론,박천웅,2,1,2,3
10498,MIS개론,박천웅,2,2,1,3
10498,MIS개론,박천웅,4,2,1,3
10500,경영과학,김서영,1,0,3,3
10504,경영과학,이상훈,3,1,2,3
10505,마케팅원론,허승,3,2,1,3
10509,마케팅원론,박은하,3,3,1,3
10509,마케팅원론,박은하,4,2,1,3
10512,디지털비즈니스와소셜미디어,박천웅,2,1,2,3
10512,디지털비즈니스와소셜미디어,박천웅,3,0,3,3
10514,재무회계(2),이창현,3,0,3,3
10515,재무회계(2),이창현,4,0,3,3
10516,전략경영,박현준,4,1,2,3
10517,전략경영,박현준,1,0,3,3
10519,SCM,김태호,4,1,3,3
10528,원가회계,박영규,4,0,3,3
10529,인적자원관리,황태진,4,2,1,3
10530,인적자원관리,황태진,4,2,2,3
10537,기업과사회,김동배,4,1,2,3
10540,유통전략론,허승,4,2,2,3
10543,대학수학(1),이영섭,1,0,3,3
10545,C언어프로그래밍(2),강석훈,2,0,3,3
10548,디지털회로및소자,원경호,1,0,3,3
10558,딥러닝알고리즘,강우철,4,1,2,3
10561,임베디드시스템특강,이영섭,3,3,1,3
10565,대학수학(1),김도엽,1,2,1,3
10567,프로그래밍(1),조원서,1,3,0,3
10569,이산수학론,송영록,1,1,2,3
10572,인공지능ICT융합개론1,노송,1,2,3,3
10572,인공지능ICT융합개론1,노송,3,2,1,3
10581,회로이론,이근행,2,3,0,3
10584,리눅스기초및프로그래밍,김영필,3,1,2,3
10594,데이터통신,이기영,2,0,3,3
10607,수치해석,강승택,4,0,3,3
10619,대학수학(1),한상현,1,3,0,3
10626,프로그래밍입문,채진석,1,2,1,3
10626,프로그래밍입문,채진석,2,1,3,3
10627,프로그래밍입문,한재현,1,2,1,3
10631,데이터프로그래밍,이장호,1,0,3,3
10631,데이터프로그래밍,이장호,4,2,2,3
10632,자료구조,김인수,2,1,2,3
10633,자료구조,안재균,1,0,3,3
10636,Java언어,허혜선,4,1,2,3
10638,디지털공학,김우일,1,0,3,3
10639,디지털공학,김우일,1,1,2,3
10641,시뮬레이션 기초 및 실습,김지범,1,1,3,3
10642,정보보호개론,민병준,4,1,2,3
10648,데이터베이스,이상엽,4,1,2,3
10649,운영체제,미배정,4,3,0,3
10656,웹프로그래밍,박기석,4,2,3,3
10657,컴파일러설계,홍윤식,4,3,1,3
10658,컴파일러설계,홍윤식,4,2,1,3
10661,CAPSTONE DESIGN,민병준,4,1,2,3
10664,CAPSTONE DESIGN,박종승,4,1,2,3
10668,엔터테인먼트소프트웨어,박종승,4,3,1,3
10670,클라우드컴퓨팅,이승수,3,0,3,3
10681,공업수학(2),윤종윤,3,1,2,3
10681,공업수학(2),윤종윤,4,1,3,3
10687,기계공학실험,김우용,3,1,2,3
10693,확률및통계,우현명,4,1,3,3
10695,종합설계프로젝트1,박상인,4,2,2,3
10702,일반화학실험(1),정관영,2,3,0,3
10704,공학수학 1,윤정식,1,0,3,3
10705,물리화학 1,권오중,1,0,3,3
10706,유기화학 1,김진호,1,0,3,3
10708,화학공학양론,김종우,1,0,3,3
10708,화학공학양론,김종우,4,0,3,3
10716,기기분석 2,박영돈,4,1,2,3
10720,반도체공정,권오중,4,1,2,3
10722,촉매개론,박민범,4,0,3,3
10723,캡스톤 디자인 화공설계,이재훈,3,0,3,3
10723,캡스톤 디자인 화공설계,이재훈,4,0,3,3
10731,대학화학,오세영,1,1,2,3
10731,대학화학,오세영,2,0,3,3
10732,물리(1),김완선,1,2,3,3
10739,토질역학,오태근,4,3,2,3
10740,화학안전공학,이홍주,3,0,3,3
10751,물리(1),김완선,4,1,2,3
10756,금속재료,김정곤,2,0,3,3
10760,분말야금학,김정곤,4,2,3,3
10763,상변태,김정곤,4,0,3,3
10764,신소재세미나,명재하,4,1,3,3
10768,대학수학(1),정유정,2,0,3,3
10769,대학수학(1),이미혜,1,0,3,3
10770,산업경영공학개론,장석화,2,2,1,3
10771,산업경영공학개론,장석화,1,1,2,3
10774,확률및통계(1),류도현,1,1,3,3
10774,확률및통계(1),류도현,4,2,2,3
10775,인간공학,최서빈,1,2,1,3
10787,인간공학적실험평가론,최서빈,3,1,3,3
10790,시스템종합설계,김병수,4,2,2,3
10798,회로이론,박창주,3,3,0,3
10811,대학수학(1),김흥숙,1,1,2,3
10812,물리(1),김말진,2,1,2,3
10812,물리(1),김말진,3,1,2,3
10815,선형대수학,변윤식,3,2,1,3
10818,소프트웨어입문,김교선,1,3,1,3
10819,소프트웨어입문,김교선,4,2,1,3
10820,소프트웨어입문,김교선,4,2,1,3
10822,복소함수및벡터,구경헌,4,2,2,3
10825,스마트시스템입문,조정완,4,2,1,3
10826,스마트시스템입문,조정완,4,3,0,3
10827,스마트시스템입문,김영현,4,2,1,3
10834,전자기학,전석희,3,1,2,3
10835,전자기학,서정현,3,3,1,3
10846,전자회로실험,이병진,4,3,0,3
10847,전자회로실험,유종근,4,3,0,3
10848,전자회로실험,유종근,4,2,1,3
10876,회로이론(1),정영식,3,1,2,3
10881,전기에너지와이노베이션,김학만,4,1,2,3
10883,전기실험(2),윤주형,4,1,3,3
10891,신호및시스템,이명훈,4,1,2,3
10894,전기응용,우정민,4,1,2,3
10908,RISE,김태우,4,0,3,3
10922,물리실험(1),함효식,1,3,2,3
10929,기계기초프로그래밍,김승권,1,2,1,3
10933,공학수학 1,김영진,3,0,3,3
10948,수치해석,김백진,1,1,2,3
10950,수치해석,한민섭,1,1,2,3
10952,응용기계수학1,김정호,1,1,2,3
10952,응용기계수학1,김정호,3,1,2,3
10955,기계공작법,구상모,3,2,1,3
10958,기계진동,남동호,1,1,3,3
10961,유체역학(2),한민섭,4,1,3,3
10969,기계공학실험,구상모,3,2,1,3
10972,기계공학실험,박형범,3,3,0,3
10973,기계공학실험,한민섭,3,2,1,3
10975,기계설계,우창기,4,0,3,3
10980,시뮬레이션구조설계,이선곤,4,0,3,3
10986,소비자의사결정,김종흠,2,1,2,3
10986,소비자의사결정,김종흠,3,2,3,3
10988,가계재무설계,성영애,3,1,3,3
10988,가계재무설계,성영애,4,0,3,3
10989,소비자법과정책,이영애,4,1,2,3
10992,소비문화와트렌드분석,김종흠,3,2,2,3
10993,지속가능소비론,이영애,3,2,1,3
10994,행동재무학,조혜진,4,1,3,3
10998,신용관리론,곽민주,4,1,3,3
11000,서비스측정및평가,이영애,4,1,2,3
11002,e-biz개론,황낙건,4,1,2,3
11005,관세론,김필준,3,1,2,3
11005,관세론,김필준,4,2,2,3
11008,경영학원론,이루리,2,1,2,3
11011,경제학원리(1),주현,2,0,3,3
11012,경제학원리(1),옥우석,1,2,3,3
11012,경제학원리(1),옥우석,2,1,3,3
11012,경제학원리(1),옥우석,3,2,1,3
11012,경제학원리(1),옥우석,4,1,2,3
11013,경제학원리(1),김순홍,1,2,2,3
11015,e-biz개론,황낙건,1,1,3,3
11018,국제무역론,이윤,4,2,1,3
11019,국제무역론,이윤,4,3,2,3
11020,금융경제학,박구웅,2,2,1,3
11024,물류개론,안영효,1,0,3,3
11026,국제통상론,손기윤,3,1,3,3
11028,회계원리,이창현,1,1,3,3
11030,국제거래규범,김규진,2,0,3,3
11031,국제경영론,유담,2,2,3,3
11031,국제경영론,유담,3,1,2,3
11032,국제금융론,박구웅,4,3,0,3
11033,국제무역보험론,김규진,1,0,3,3
11035,디지털비즈니스애널리틱스,김경원,3,1,2,3
11037,통계실습,유병국,4,0,3,3
11038,MICE기획론,정진영,4,2,2,3
11042,글로벌한류와엔터테인먼트경영전략,박영은,3,1,3,3
11043,디지털무역론,고보민,4,1,2,3
11048,정치경제학,이갑영,2,0,3,3
11048,정치경제학,이갑영,3,1,3,3
11048,정치경제학,이갑영,4,2,2,3
11049,기후경제학,강희찬,3,0,3,3
11052,경제학원리(1),서세욱,2,1,2,3
11053,경제학원리(1),서세욱,2,2,2,3
11061,미시경제학,황성현,2,2,1,3
11062,경제자료의이해와활용,김종주,3,0,3,3
11064,시사경제1,황선길,4,1,2,3
11065,정치경제학,이갑영,4,1,2,3
11066,공정경쟁과산업분석,이기환,4,0,3,3
11071,화폐금융론,황상연,4,0,3,3
11083,현대안보론,이정우,3,1,3,3
11085,핵정치론,강지연,3,0,3,3
11086,현대비교정치쟁점,정영우,3,0,3,3
11087,자기설계세미나 I,김국진,1,1,2,3
11091,경제학의이해,김종주,1,0,3,3
11095,행정사,채드 앤더슨,3,0,3,3
11100,데이터분석론,김국진,3,0,3,3
11101,예산분석론,박소영,3,0,3,3
11102,진로세미나I,타오,3,1,2,3
11104,한국정부론,서진완,4,0,3,3
11109,인간관계와소통,한기순,1,2,2,3
11111,심리측정및평가,박선영,2,0,3,3
11121,창의성의측정과판별,박선희,4,0,3,3
11122,리더십의이해와실천,김진용,4,1,3,3
11123,직업교육과 HRD,미배정,4,2,1,3
11124,진로상담,유현경,4,2,2,3
11129,문헌정보학개론,황정의,3,0,3,3
11133,정보검색,장수현,1,0,3,3
11133,정보검색,장수현,3,1,2,3
11137,정보처리,박종도,3,1,2,3
11139,휴먼커뮤니케이션입문,김은이,1,1,2,3
11143,영상제작실습기초,남윤국,4,1,2,3
11145,퍼블릭스피킹1,김은이,4,1,3,3
11148,광고입문,박진성,3,0,3,3
11149,디지털영상제작(1),장태희,3,1,2,3
11155,엔터테인먼트산업론,나정희,4,2,2,3
11161,자기설계세미나 I,정선영,1,2,2,3
11168,사회복지조사론,박영민,2,0,3,3
11169,사회서비스개론,박영민,3,1,2,3
11169,사회서비스개론,박영민,4,1,3,3
11170,아동복지론,정선영,2,0,3,3
11171,정신건강사회복지론,박종은,2,0,3,3
11174,청소년복지론,윤용희,3,1,2,3
11175,프로그램개발과평가,정선영,3,0,3,3
11182,일반물리학실험,이진호,1,0,3,3
11185,일반생물학실험(1),김장균,1,1,2,3
11190,자기설계세미나 I,김일남,1,2,3,3
11195,수환경보존학,김연정,3,0,3,3
11199,해양학을위한수리계산과학개론,이경재,3,1,3,3
11204,해양분자생물학및실험,김연정,3,1,2,3
11218,텍스타일염색과표현,조윤경,4,0,3,3
11225,패션커뮤니케이션,이현정,3,1,2,3
11233,일반물리학실험(1),이기훈,1,1,2,3
11234,일반물리학실험(1),함효식,1,1,2,3
11237,일반생물학실험(1),김재광,1,1,2,3
11241,일반화학실험(1),김강우,1,1,3,3
11244,물리화학(1),이창민,4,1,2,3
11245,분석화학(1),김규원,4,1,2,3
11246,분석화학실험,김규원,2,0,3,3
11255,유기화학(3),김태현,4,1,2,3
11258,의약합성화학,김진호,4,1,3,3
11265,일반물리학실험(1),김정우,1,1,3,3
11272,자기설계세미나 I,문병희,1,0,3,3
11276,일반역학(1),김병훈,1,0,3,3
11277,현대물리학(1),박승룡,1,1,2,3
11282,계측실험1,김진영,4,0,3,3
11284,양자역학(1),이기훈,4,0,3,3
11291,현대광학개론,전충삼,4,1,2,3
11296,일반생물학(1),이종구,1,1,2,3
11303,정수론,이윤복,1,1,2,3
11304,해석학(1),문병수,1,1,3,3
11305,현대대수학,장일승,1,1,3,3
11311,수리통계학응용,최원,4,0,3,3
11312,위상수학및응용,배영진,3,1,3,3
11312,위상수학및응용,배영진,4,0,3,3
11313,갈루아이론,이승재,4,1,3,3
11321,기초중국어1,조혜영,1,2,2,3
11331,중국소설속사랑과정의,윤지양,3,1,3,3
11331,중국소설속사랑과정의,윤지양,4,1,3,3
11337,일본어입문(1),신은진,1,2,2,3
11345,일본명작감상,박수정,1,2,3,3
11351,표상문화론,하성호,4,1,2,3
11352,현대일본과일본인,이강원,2,1,2,3
11362,기초프랑스어(1),박정준,1,1,3,3
11363,기초프랑스어(1),박정준,1,2,2,3
11367,기초프랑스어회화(1),파비앙,1,2,3,3
11368,기초프랑스어회화(1),파비앙,1,1,3,3
11369,프랑스사회와문화,지영호,1,2,1,3
11372,문화예술의이해,조성주,3,1,3,3
11380,프랑스축제와문화예술,지영호,3,2,1,3
11381,유럽통상학의이해,파비앙,4,1,2,3
11382,프랑스시사탐구,이혜인,4,1,2,3
11386,초급독일어A1 1,주소정,3,0,3,3
11386,초급독일어A1 1,주소정,4,2,3,3
11389,독일명작의이해,이노은,3,1,2,3
11398,고전과삶,김정경,1,2,3,3
11400,언어와인간,안소진,3,2,2,3
11401,자기설계세미나 I,하신영,1,1,2,3
11415,현대문학사1,강용훈,2,1,2,3
11423,고전시가의이해,배은희,3,1,3,3
11424,시창작연습,정우신,2,0,3,3
11424,시창작연습,정우신,4,0,3,3
11425,한국문학과세계문학,장영은,3,0,3,3
11425,한국문학과세계문학,장영은,4,1,2,3
11451,독일산문,권혁준,2,0,3,3
11454,독일의일상과대중문화,이노은,3,2,1,3
11455,미디어학입문,명정,3,1,3,3
11458,독일어작문,이원경,3,2,2,3
11459,시사독일어,주소정,4,1,3,3
11471,영작문(2),Anthony Wayne Thompson IV,2,2,3,3
11476,영어와심리,윤소연,1,1,2,3
11477,희곡개론,황연,2,2,2,3
11478,중급영어회화(1),알라나 커밍스,3,1,3,3
11483,영미드라마와문화,황연,4,0,3,3
11486,음향음성학탐구,정예지,4,1,2,3
11487,Academic English,이은재,1,3,1,3
11501,Academic English,김연정,1,1,3,3
11512,Academic English,이은재,1,0,3,3
11515,Academic English,김연정,1,1,2,3
11520,Academic English,김정옥,1,1,2,3
11521,Academic English,차현지,1,1,3,3
11524,Academic English,김연정,1,1,3,3
11539,Academic English,김상조,1,2,2,3
11551,Academic English,김상조,1,1,2,3
11564,Academic English,남정현,1,2,2,3
11566,Academic English,이은재,1,1,2,3
11567,Academic English,이은재,1,2,1,3
11569,Academic English,김상조,1,0,3,3
11571,Academic English,김상조,1,1,2,3
11574,Academic English,정연우,1,0,3,3
11601,AI시대의글쓰기이론과실제,김은경,1,2,1,3
11606,AI시대의글쓰기이론과실제,양현진,1,1,3,3
11607,AI시대의글쓰기이론과실제,박주혜,1,1,3,3
11610,AI시대의글쓰기이론과실제,이승윤,1,2,1,3
11616,AI시대의글쓰기이론과실제,최혜림,1,0,3,3
11619,AI시대의글쓰기이론과실제,최혜림,1,2,2,3
11634,AI시대의글쓰기이론과실제,윤숙,1,1,3,3
11635,AI시대의글쓰기이론과실제,윤숙,1,2,3,3
11648,AI시대의글쓰기이론과실제,박상원,1,2,2,3
11671,AI시대의글쓰기이론과실제,양현진,1,1,2,3
11673,AI시대의글쓰기이론과실제,윤숙,1,1,3,3
11716,AI시대의글쓰기이론과실제,이은봉,1,3,1,3
11731,AI시대의글쓰기이론과실제,박보연,1,0,3,3
11734,AI시대의글쓰기이론과실제,양근용,1,2,2,3
11745,AI사고와데이터리터러시,추교남,1,1,3,3
11750,AI사고와데이터리터러시,이선아,1,0,3,3
11754,AI사고와데이터리터러시,황태준,1,0,3,3
11773,AI사고와데이터리터러시,김종탁,1,1,2,3
11778,AI사고와데이터리터러시,김종탁,1,1,2,3
11782,AI사고와데이터리터러시,김종탁,1,2,1,3
11805,대학영어회화1,"브렌트 맥
납",2,0,3,3
11806,대학영어회화1,"브렌트 맥
납",2,0,3,3
11817,대학영어회화1,알란,2,0,3,3
11823,대학영어회화1,"캘럼 맥코
트",2,1,3,3
11838,대학영어회화1,"브렌트 맥
납",2,0,3,3
11839,대학영어회화1,"브렌트 맥
납",2,1,3,3
11855,대학영어회화1,"캘럼 맥코
트",2,0,3,3
11857,대학영어회화1,"캘럼 맥코
트",2,1,3,3
11868,대학영어회화1,데릭 스톤,2,0,3,3
11886,대학영어회화1,"브렌트 맥
납",2,1,3,3
11901,대학영어회화1,"티모시 톰
슨",2,1,2,3
11908,대학영어회화1,매튜,2,0,3,3
11909,대학영어회화1,매튜,2,1,2,3
11943,대학영어회화1,데릭 스톤,2,1,3,3
11947,대학영어회화1,매튜,2,0,3,3
11954,대학영어회화1,유원,2,0,3,3
11956,대학영어회화1,유원,2,0,3,3
11966,대학영어회화1,데이비드,2,0,3,3
12018,대학영어회화1,알란,2,1,3,3
12029,대학영어회화1,티모시 톰,2,2,2,3
12041,대학영어회화1,알란,2,0,3,3
12046,대학영어회화1,브렌트 맥,2,0,3,3
12067,대학영어회화1,티모시 톰,2,0,3,3
12070,대학영어회화1,데이비드,2,1,3,3
12087,대학영어회화1,데릭 스톤,2,0,3,3
12098,대학영어회화1,매튜,2,2,2,3
12145,힌두교와인도문화,OCU,2,0,3,3
12146,문학과테마기행,OCU,2,0,3,3
12148,인문학과자기경영의만남,OCU,4,1,2,3
