subject_id,subject_name,professor,user_major,wishlist_actions,timetable_actions,unique_users
10631,데이터프로그래밍,이장호,컴퓨터공학부,9,48,49
10933,공학수학 1,김영진,기계공학과,7,29,29
10584,리눅스기초및프로그래밍,김영필,정보통신공학과,8,24,28
10633,자료구조,안재균,컴퓨터공학부,8,24,28
10651,운영체제,한재현,컴퓨터공학부,11,23,28
10281,기초기능해부학,전경규,스포츠과학부,5,25,27
10635,Java언어,허혜선,컴퓨터공학부,4,26,27
10857,캡스턴디자인1,홍연찬,전자공학과,10,20,27
9045,(HUSS국립부경대)과거사청산과포용의문화,미배정,컴퓨터공학부,23,8,26
10286,스포츠사회학,임새미,스포츠과학부,2,25,26
10638,디지털공학,김우일,컴퓨터공학부,6,24,26
10641,시뮬레이션 기초 및 실습,김지범,컴퓨터공학부,8,23,26
10779,데이터베이스,이세린,산업경영공학과,8,21,26
9795,유기화학(1),박경민,생명공학전공,4,25,25
10634,자료구조,안재균,컴퓨터공학부,5,23,25
10774,확률및통계(1),류도현,산업경영공학과,7,22,25
10877,회로이론(1),정영식,전기공학과,8,22,25
10892,에너지발생 및 운용,김용하,전기공학과,5,23,25
10939,공업열역학1,김상문,기계공학과,8,21,25
11025,물류개론,안영효,무역학부,11,20,25
10552,마이크로컨트롤러구조,황광일,임베디드시스템공학과,4,24,24
11027,국제통상론,고보민,무역학부,6,22,24
9688,국제투자법,장석영,법학부,10,19,23
10551,데이터구조,강석훈,임베디드시스템공학과,3,23,23
10554,통신기초,김현범,임베디드시스템공학과,3,23,23
10583,회로이론,전현채,정보통신공학과,6,20,23
10778,확정적경영과학,이종헌,산업경영공학과,3,22,23
10859,고체전자소자,김태훈,전자공학과,6,21,23
10875,전자기학(1),이우찬,전기공학과,6,22,23
11017,국제무역론,이윤,무역학부,7,19,23
11033,국제무역보험론,김규진,무역학부,4,23,23
10579,데이터베이스,우요섭,정보통신공학과,5,19,22
10708,화학공학양론,김종우,에너지화학공학과,3,22,22
11036,서비스마케팅론,이루리,무역학부,3,20,22
11071,화폐금융론,황상연,경제학과,0,22,22
9685,형사소송법,정배근,법학부,8,17,21
9794,물리화학,양기석,생명공학전공,5,20,21
10287,운동생리학,이세원,스포츠과학부,4,18,21
10499,MIS개론,김태훈,경영학부,8,19,21
10654,데이터통신,최승식,컴퓨터공학부,5,20,21
10706,유기화학 1,김진호,에너지화학공학과,3,21,21
10707,유체역학,박민범,에너지화학공학과,4,20,21
10776,인간공학,최서빈,산업경영공학과,4,20,21
10945,전기전자공학개론,김태우,기계공학과,6,19,21
11021,금융경제학,김준식,무역학부,9,16,21
11059,미시경제학,오태희,경제학과,4,21,21
9684,민사소송법(1),김호,법학부,10,16,20
10464,원가회계,최평국,세무회계학과,2,20,20
10553,데이터사이언스기초,강우철,임베디드시스템공학과,2,20,20
10621,이산수학,김지범,컴퓨터공학부,4,20,20
10642,정보보호개론,민병준,컴퓨터공학부,6,16,20
10643,정보보호개론,민병준,컴퓨터공학부,6,17,20
10704,공학수학 1,윤정식,에너지화학공학과,3,20,20
10705,물리화학 1,권오중,에너지화학공학과,2,20,20
11023,물류개론,안영효,무역학부,5,15,20
10044,도시사회학이론,최혜민,도시행정학과,2,18,19
10591,통신공학이론,이병주,정보통신공학과,3,17,19
10681,공업수학(2),윤종윤,바이오-로봇시스템공학과,3,18,19
10881,전기에너지와이노베이션,김학만,전기공학과,8,16,19
10936,고체역학1,박동삼,기계공학과,8,15,19
9745,거시경제론,김부용,동북아국제통상전공,1,18,18
10297,Sport Management,홍진배,스포츠과학부,8,15,18
10517,전략경영,박현준,경영학부,5,16,18
10640,시뮬레이션 기초 및 실습,김지범,컴퓨터공학부,3,16,18
10644,기계학습,이상엽,컴퓨터공학부,9,16,18
10878,기초반도체공학,MORE VIVEK MOHAN,전기공학과,7,16,18
10943,기계재료,이태선,기계공학과,3,18,18
11015,e-biz개론,황낙건,무역학부,7,15,18
11219,패션드로잉과도식화,박은경,패션산업학과,0,18,18
9681,형법각론,정배근,법학부,6,12,17
9746,국제무역론,한도숙,동북아국제통상전공,1,17,17
9796,미생물공학,이동택,생명공학전공,4,17,17
9798,식품공학개론,서명지,생명공학전공,2,17,17
10282,웨이트트레이닝기초,김연휘,스포츠과학부,2,16,17
10577,ICT공학수학,이종길,정보통신공학과,3,15,17
10639,디지털공학,김우일,컴퓨터공학부,4,13,17
10670,클라우드컴퓨팅,이승수,컴퓨터공학부,6,15,17
10711,반응공학,노윤호,에너지화학공학과,2,17,17
10823,복소함수및벡터,구경헌,전자공학부,7,12,17
10861,제어공학,유세선,전자공학과,7,13,17
10868,공학수학(1),안덕주,전기공학과,5,15,17
10889,전력전자공학,최현규,전기공학과,1,17,17
11018,국제무역론,이윤,무역학부,4,15,17
11030,국제거래규범,김규진,무역학부,5,14,17
11215,서양복식사,장인우,패션산업학과,0,17,17
11276,일반역학(1),김병훈,물리학과,2,17,17
11277,현대물리학(1),박승룡,물리학과,2,16,17
9682,형법각론,정배근,법학부,9,12,16
9686,국제거래법,장석영,법학부,12,8,16
10043,도시계획론,최승준,도시행정학과,3,15,16
10465,중급회계(1),김광태,세무회계학과,3,14,16
10467,회계원리연습,진덕수,세무회계학과,0,16,16
10555,운영체제,강석훈,임베디드시스템공학과,6,15,16
10556,임베디드구조,김현범,임베디드시스템공학과,5,15,16
10648,데이터베이스,이상엽,컴퓨터공학부,6,11,16
10652,데이터마이닝,이장호,컴퓨터공학부,6,15,16
10709,화학공학입문,노윤호,에너지화학공학과,2,15,16
10772,생성형AI활용,이준혁,산업경영공학과,4,14,16
10784,금융공학개론,정지혁,산업경영공학과,8,12,16
10800,회로이론,김태훈,전자공학과,11,11,16
10853,인공지능,조환호,전자공학과,8,13,16
10869,공학수학(1),안덕주,전기공학과,7,14,16
10896,무선에너지변환,안덕주,전기공학과,4,13,16
10940,공업열역학1,김상문,기계공학과,6,14,16
10958,기계진동,남동호,기계공학과,2,15,16
10961,유체역학(2),한민섭,기계공학과,4,16,16
11058,경제사,양준호,경제학과,3,15,16
11218,텍스타일염색과표현,조윤경,패션산업학과,1,15,16
9693,국제기구법,장석영,법학부,4,12,15
10288,운동생리학,이세원,스포츠과학부,2,15,15
10462,소득세법,정유석,세무회계학과,3,13,15
10521,광고론,윤태웅,경영학부,3,14,15
10594,데이터통신,이기영,정보통신공학과,2,14,15
10682,재료역학,한유성,바이오-로봇시스템공학과,1,15,15
10683,전기회로,조영욱,바이오-로봇시스템공학과,1,15,15
10754,기초전기화학,명재하,신소재공학과,2,14,15
10755,현대물리학,이한보람,신소재공학과,2,14,15
10836,전자기학,서정현,전자공학부,6,12,15
10840,반도체소자,정은교,전자공학과,8,12,15
10876,회로이론(1),정영식,전기공학과,5,10,15
10894,전기응용,우정민,전기공학과,3,14,15
11016,e-biz개론,유병국,무역학부,4,14,15
11064,시사경제1,황선길,경제학과,3,14,15
11068,금융경제학,신현열,경제학과,1,14,15
11245,분석화학(1),김규원,화학과,0,15,15
11280,선형대수학,함남우,물리학과,1,15,15
9683,민사소송법(1),김호,법학부,6,10,14
9696,상속법,진도왕,법학부,6,9,14
9982,환경에너지와미래,이도균,환경공학전공,4,12,14
10380,GUI디자인,이운형,디자인학부,3,13,14
10381,그래픽디자인,김시연,디자인학부,4,12,14
10500,경영과학,김서영,경영학부,4,12,14
10524,기업재무론,전용호,경영학부,1,14,14
10575,ICT공학수학,김경원,정보통신공학과,5,9,14
10753,전자재료공학개론,김다빈,신소재공학과,2,12,14
10775,인간공학,최서빈,산업경영공학과,6,10,14
10783,품질공학,정영배,산업경영공학과,6,11,14
10824,스마트시스템입문,김영현,전자공학부,4,12,14
10870,전기.전자기초실험,김준석,전기공학과,7,10,14
10873,전기.전자기초실험,김용하,전기공학과,7,8,14
10954,기계공작법,이태선,기계공학과,5,12,14
10966,MEMS개론,김경태,기계공학과,3,13,14
10985,소비자와시장,박지우,소비자학과,3,13,14
11022,금융경제학,김준식,무역학부,6,9,14
11024,물류개론,안영효,무역학부,5,9,14
11133,정보검색,장수현,문헌정보학과,5,12,14
11244,물리화학(1),이창민,화학과,1,14,14
11328,중국전통사상,조봉래,중어중국학과,6,13,14
11414,한국의언어,채숙희,국어국문학과,1,14,14
11882,대학영어회화1,"캘럼 맥코
트",기계공학과,2,14,14
9978,공학수학,이준석,환경공학전공,4,13,13
10299,트레이닝방법론,변경호,스포츠과학부,3,12,13
10385,레이아웃디자인,전혜연,디자인학부,6,8,13
10519,SCM,김태호,경영학부,4,12,13
10646,데이터베이스,박기석,컴퓨터공학부,6,12,13
10658,컴파일러설계,홍윤식,컴퓨터공학부,4,10,13
10752,에너지재료공학개론,이미경,신소재공학과,1,12,13
10773,확률및통계(1),류도현,산업경영공학과,7,9,13
10781,제품개발프로세스,박기정,산업경영공학과,5,10,13
10836,전자기학,서정현,전자공학과,5,11,13
10854,인공지능,조환호,전자공학과,7,9,13
10858,캡스턴디자인1,홍연찬,전자공학과,7,8,13
10888,전기물성론,김준동,전기공학과,2,13,13
10941,기계재료,전태성,기계공학과,7,8,13
10986,소비자의사결정,김종흠,소비자학과,2,12,13
10994,행동재무학,조혜진,소비자학과,7,12,13
10995,가계재무상담,곽민주,소비자학과,6,13,13
11008,경영학원론,이루리,무역학부,5,9,13
11096,헌법,남상택,행정학과,1,13,13
11148,광고입문,박진성,미디어커뮤니케이션학과,2,13,13
11151,영화의이해,이동후,미디어커뮤니케이션학과,2,12,13
11216,2D패턴디자인,미배정,패션산업학과,0,13,13
11217,비즈니스데이터분석기초,권기용,패션산업학과,2,11,13
11248,유기화학(1),김진호,화학과,0,13,13
11249,무기화학(1),김강우,화학과,1,13,13
11472,영어학입문,김정태,영어영문학과,3,12,13
9046,(HUSS대구대)오디세이프로젝트3전쟁과평화,미배정,컴퓨터공학부,11,3,12
9788,뇌공학,양성구,나노바이오공학전공,2,11,12
9976,선형대수학,남궁정일,환경공학전공,5,10,12
9977,환경과도시,이준석,환경공학전공,5,10,12
9979,환경유체역학,박성원,환경공학전공,4,10,12
9981,환경화학,김철용,환경공학전공,3,11,12
10013,철근콘크리트및설계1,이승정,건설환경공학전공,0,12,12
10022,환경실험,이주경,건설환경공학전공,1,11,12
10386,레이아웃디자인,전혜연,디자인학부,4,10,12
10486,경영학원론,박현준,경영학부,3,10,12
10516,전략경영,박현준,경영학부,7,8,12
10557,캡스턴디자인(1),황광일,임베디드시스템공학과,5,11,12
10598,선형대수론,노송,정보통신공학과,3,12,12
10599,운영체제,김영필,정보통신공학과,1,12,12
10622,컴퓨터공학개론,전혜경,컴퓨터공학부,5,8,12
10625,프로그래밍입문,채진석,컴퓨터공학부,4,10,12
10636,Java언어,허혜선,컴퓨터공학부,3,10,12
10650,운영체제,박문주,컴퓨터공학부,10,6,12
10655,사이버공격및방어,이승수,컴퓨터공학부,2,12,12
10669,인공지능융합특론,이현규,컴퓨터공학부,6,7,12
10676,공학프로그래밍,김우용,바이오-로봇시스템공학과,3,10,12
10693,확률및통계,우현명,바이오-로봇시스템공학과,3,12,12
10799,회로이론,박창주,전자공학과,8,6,12
10804,통신이론,윤석현,전자공학과,5,10,12
10812,물리(1),김말진,전자공학부,5,12,12
10852,신호및시스템,변상원,전자공학과,5,10,12
10891,신호및시스템,이명훈,전기공학과,1,11,12
10937,고체역학1,박형범,기계공학과,4,10,12
10987,고객서비스,이명현,소비자학과,2,11,12
11004,기업물류및SCM,안영효,무역학부,2,11,12
11009,경영학원론,유담,무역학부,6,7,12
11056,경제통계기초,김선진,경제학과,1,12,12
11082,젠더와정치,우병득,정치외교학과,2,12,12
11097,공공정책의이해,김국진,행정학과,2,11,12
11130,자료목록법,황정의,문헌정보학과,4,11,12
11275,역학실험,한강희,물리학과,1,12,12
11346,아카데믹일본어1,신은진,일본지역문화학과,1,12,12
11476,영어와심리,윤소연,영어영문학과,5,9,12
11878,대학영어회화1,매튜,무역학부,2,12,12
11935,대학영어회화1,"브렌트 맥
납",컴퓨터공학부,1,12,12
9692,환경법,남상택,법학부,2,9,11
9750,미시데이터분석,김지영,동북아국제통상전공,0,11,11
9787,세포생물학,이승호,나노바이오공학전공,2,10,11
9832,생화학,이미수,분자의생명전공,2,11,11
9834,인체생리학,김재근,분자의생명전공,1,11,11
9974,기초화학및실험1,임지영,환경공학전공,5,10,11
10006,정역학및연습,이헌우,건설환경공학전공,0,11,11
10011,구조역학(1),이헌우,건설환경공학전공,0,11,11
10012,수문학,미배정,건설환경공학전공,0,11,11
10021,토질역학(2),우상인,건설환경공학전공,0,11,11
10042,공공인적자원관리론,이창길,도시행정학과,1,10,11
10224,스포츠경제학,성호준,운동건강학부,3,10,11
10307,스포츠코칭,박상혁,스포츠과학부,3,10,11
10379,GUI디자인,이운형,디자인학부,4,7,11
10382,그래픽디자인,김시연,디자인학부,5,8,11
10387,모션일러스트레이션,한혜진,디자인학부,2,10,11
10535,투자론,김선호,경영학부,3,10,11
10559,딥러닝알고리즘,강우철,임베디드시스템공학과,4,9,11
10585,전자계산기구조,조원서,정보통신공학과,6,6,11
10586,전자계산기구조,조원서,정보통신공학과,5,8,11
10589,확률이론,조경훈,정보통신공학과,2,11,11
10666,네트워크보안,이승수,컴퓨터공학부,4,10,11
10710,공정설계및제어,김종우,에너지화학공학과,2,10,11
10714,열전달,이재훈,에너지화학공학과,2,11,11
10777,확정적경영과학,이종헌,산업경영공학과,5,8,11
10798,회로이론,박창주,전자공학과,8,5,11
10819,소프트웨어입문,김교선,전자공학부,6,7,11
10823,복소함수및벡터,구경헌,전자공학과,6,9,11
10839,반도체소자,정은교,전자공학과,6,6,11
10851,신호및시스템,변상원,전자공학과,5,9,11
10862,제어공학,유세선,전자공학과,6,5,11
10874,전자기학(1),이우찬,전기공학과,5,6,11
10880,응용선형대수,이동길,전기공학과,3,10,11
10883,전기실험(2),윤주형,전기공학과,1,11,11
10928,기계기초프로그래밍,김승권,기계공학과,3,9,11
10946,전기전자공학개론,김태우,기계공학과,8,6,11
10950,수치해석,한민섭,기계공학과,3,10,11
10977,로봇공학,김영진,기계공학과,1,11,11
10998,신용관리론,곽민주,소비자학과,7,9,11
11029,MICE개론,정진영,무역학부,2,11,11
11037,통계실습,유병국,무역학부,2,10,11
11065,정치경제학,이갑영,경제학과,3,8,11
11066,공정경쟁과산업분석,이기환,경제학과,0,11,11
11070,농업과푸드시스템의경제학,이명헌,경제학과,1,10,11
11099,경찰학,장승수,행정학과,1,10,11
11247,분석화학실험,권태현,화학과,1,11,11
11284,양자역학(1),이기훈,물리학과,0,11,11
11347,일본근현대사,박진한,일본지역문화학과,1,11,11
11469,영어회화(3),알라나 커밍스,영어영문학과,4,11,11
11883,대학영어회화1,"캘럼 맥코
트",에너지화학공학과,2,9,11
12006,대학영어회화1,캘럼 맥코,스포츠과학부,1,10,11
9155,MBTI로찾아가는나의책,박상원,스포츠과학부,5,7,10
9300,대중매체속바이오테크놀로지,예정용,경제학과,2,9,10
9833,유기화학,봉지홍,분자의생명전공,2,10,10
9880,화학,권태현,분자의생명전공,1,10,10
9975,대학수학(1),손홍민,환경공학전공,5,9,10
9980,환경통계및자료해석,이희관,환경공학전공,4,9,10
10015,토질실험,박정희,건설환경공학전공,1,9,10
10220,기능해부학,홍성현,운동건강학부,3,10,10
10284,웨이트트레이닝기초,정국현,스포츠과학부,0,10,10
10285,스포츠사회학,임새미,스포츠과학부,1,9,10
10367,디자인 Thinking,이서진,디자인학부,6,8,10
10376,기초제품디자인,조유석,디자인학부,2,9,10
10384,디자인구현프로그래밍,박동명,디자인학부,3,8,10
10471,원가회계연습,최평국,세무회계학과,4,7,10
10489,경영학원론,박현준,경영학부,7,5,10
10505,마케팅원론,허승,경영학부,3,8,10
10510,마케팅원론,허승,경영학부,2,9,10
10513,상법,미배정,경영학부,1,10,10
10532,인터넷마케팅,김성광,경영학부,4,9,10
10566,프로그래밍(1),김도엽,정보통신공학과,4,9,10
10580,데이터베이스,유제진,정보통신공학과,4,6,10
10685,설계공학,박상인,바이오-로봇시스템공학과,1,10,10
10686,자동제어,김우용,바이오-로봇시스템공학과,1,10,10
10734,안전관리론,송창근,안전공학과,2,10,10
10785,데이터마이닝,류도현,산업경영공학과,4,9,10
10788,최적화모형및응용,이종헌,산업경영공학과,5,5,10
10800,회로이론,김태훈,전자공학부,5,8,10
10816,선형대수학,변윤식,전자공학부,6,6,10
10830,디지털실험,이경순,전자공학부,4,8,10
10838,프로그래밍언어,최욱,전자공학부,3,8,10
10898,신재생에너지공학,김학만,전기공학과,3,8,10
10956,기계공작법,구상모,기계공학과,2,10,10
10968,기계공학실험,남동호,기계공학과,4,9,10
11028,회계원리,이창현,무역학부,4,9,10
11055,경제통계기초,김선진,경제학과,2,9,10
11063,수리경제학,이장연,경제학과,2,9,10
11075,국제정치의이해,이효원,정치외교학과,3,10,10
11128,기록과사회,신정엽,문헌정보학과,4,10,10
11129,문헌정보학개론,황정의,문헌정보학과,3,10,10
11131,자료분류법,김혜경,문헌정보학과,3,9,10
11256,화학논문연구 I,임태은,화학과,0,10,10
11281,수리물리학(1),엇후 도르츠,물리학과,1,10,10
11305,현대대수학,장일승,수학과,3,10,10
11306,매듭론,배영진,수학과,2,10,10
11400,언어와인간,안소진,국어국문학과,4,9,10
12115,대학영어회화1,브렌트 맥,영어영문학과,3,9,10
12119,대학영어회화1,Cruz Jr2Fidel,동북아국제통상전공,0,10,10
9679,헌법(2),김영진,법학부,3,9,9
9680,헌법(2),김영진,법학부,4,6,9
9806,생명공학캡스톤디자인,장성호,생명공학전공,2,9,9
9870,생물학기초(1),박준태,분자의생명전공,1,8,9
9915,물리(2),김완선,건축공학전공,2,9,9
9916,건축구조역학,박지훈,건축공학전공,2,9,9
9917,건축시공,박경모,건축공학전공,2,9,9
9932,대학수학(1),이혜경,도시건축학부,3,8,9
9958,기초정역학,김영찬,도시공학과,1,9,9
10010,수리학(1),미배정,건설환경공학전공,0,9,9
10041,도시행정학,미배정,도시행정학과,0,9,9
10051,도시교통계획론,양욱재,도시행정학과,2,8,9
10280,기초기능해부학,전경규,스포츠과학부,1,8,9
10290,농구,미배정,스포츠과학부,0,9,9
10305,배드민턴기초,이다혜,스포츠과학부,3,6,9
10397,비주얼스토리텔링,박지연,디자인학부,2,9,9
10457,경영학원론,박현준,세무회계학과,2,9,9
10466,중급회계(1),김광태,세무회계학과,0,9,9
10520,광고론,윤태웅,경영학부,6,4,9
10536,경영분석,정미화,경영학부,1,8,9
10582,회로이론,김도엽,정보통신공학과,5,4,9
10637,Java언어,허혜선,컴퓨터공학부,4,6,9
10645,기계학습,김인수,컴퓨터공학부,6,4,9
10657,컴파일러설계,홍윤식,컴퓨터공학부,5,6,9
10679,전기회로실험,우현명,바이오-로봇시스템공학과,1,8,9
10680,전기회로실험,조영욱,바이오-로봇시스템공학과,1,8,9
10701,일반화학(1),노윤호,에너지화학공학과,3,7,9
10703,일반화학실험(1),정관영,에너지화학공학과,4,5,9
10715,고분자공학,박영돈,에너지화학공학과,2,9,9
10735,인간공학,백동현,안전공학과,1,9,9
10736,재료역학,최재헌,안전공학과,1,9,9
10737,열역학,이민철,안전공학과,3,9,9
10739,토질역학,오태근,안전공학과,3,9,9
10759,반도체나노공정1,이한보람,신소재공학과,2,8,9
10786,생산통제,김병수,산업경영공학과,4,7,9
10789,시스템종합설계,유우식,산업경영공학과,6,6,9
10799,회로이론,박창주,전자공학부,3,6,9
10810,대학수학(1),이혜경,전자공학부,4,9,9
10835,전자기학,서정현,전자공학부,5,4,9
10851,신호및시스템,변상원,전자공학부,3,8,9
10887,전기기기(1),허진,전기공학과,1,9,9
10914,대학화학,오세영,기계공학과,3,8,9
10927,기계기초프로그래밍,김승권,기계공학과,4,7,9
10947,전기전자공학개론,김경태,기계공학과,5,5,9
10948,수치해석,김백진,기계공학과,2,7,9
10953,응용기계수학1,신성수,기계공학과,2,9,9
10988,가계재무설계,성영애,소비자학과,2,9,9
10990,소비자정량조사,최한솔,소비자학과,1,9,9
11031,국제경영론,유담,무역학부,5,8,9
11042,글로벌한류와엔터테인먼트경영전략,박영은,무역학부,3,8,9
11067,국제무역론,이원경,경제학과,1,8,9
11069,기초계량경제학,오태희,경제학과,0,9,9
11078,비교정치론,이준한,정치외교학과,1,9,9
11176,사회복지법제와 실천,이은아,사회복지학과,2,9,9
11198,해양무척추생물학,이재성,해양학과,2,8,9
11252,분자분광학,이창민,화학과,2,9,9
11254,에너지화학,임태은,화학과,1,8,9
11278,물리연구소개,박영미,물리학과,2,9,9
11285,전자기학(2),박영미,물리학과,0,9,9
11308,미분기하학(1),유성민,수학과,1,9,9
11309,복소함수론1,김인현,수학과,1,9,9
11311,수리통계학응용,최원,수학과,1,9,9
11317,현대중국개론,권기영,중어중국학과,4,9,9
11342,일본문화콘텐츠입문,남상욱,일본지역문화학과,4,8,9
11416,현대문학사1,강용훈,국어국문학과,2,9,9
11453,독일어문법,이원경,독어독문학과,1,9,9
11474,아동&청소년문학,전신화,영어영문학과,2,8,9
11859,대학영어회화1,"캘럼 맥코
트",경제학과,1,8,9
11872,대학영어회화1,유원,무역학부,4,7,9
11920,대학영어회화1,"캘럼 맥코
트",산업경영공학과,2,8,9
11939,대학영어회화1,"캘럼 맥코
트",컴퓨터공학부,2,9,9
12051,대학영어회화1,데이비드,전기공학과,1,8,9
9047,(HUSS서강대)인물로본포용사회의역사,미배정,컴퓨터공학부,6,3,8
9302,동물과인간사회,이종구,문헌정보학과,4,5,8
9436,한반도와유라시아,조형진,무역학부,1,8,8
9690,채권각론,맹광호,법학부,3,7,8
9691,행정법각론,김수진,법학부,3,7,8
9695,산업재해보상보험법,이태현,법학부,5,5,8
9700,형법종합연습,정배근,법학부,2,7,8
9753,일본경제론,김종인,동북아국제통상전공,1,8,8
9821,일반화학실험(1),방지원,생명공학전공,2,8,8
9914,공학수학,최원,건축공학전공,2,8,8
9999,일반물리(1),김영찬,건설환경공학전공,2,7,8
10003,건설환경공학개론,박정희,건설환경공학전공,2,7,8
10007,측량학(1),최병길,건설환경공학전공,0,8,8
10019,상수도시스템,장동우,건설환경공학전공,1,7,8
10048,도시조사분석방법론,최승준,도시행정학과,1,8,8
10139,수학교과교육론,왕효원,수학교육과,1,8,8
10230,생체역학,김남웅,운동건강학부,2,7,8
10234,하지운동손상평가,미배정,운동건강학부,1,7,8
10283,웨이트트레이닝기초,미배정,스포츠과학부,2,6,8
10298,Sport Management,홍진배,스포츠과학부,3,7,8
10300,트레이닝방법론,변경호,스포츠과학부,4,6,8
10311,골프기초,곽지영,스포츠과학부,0,8,8
10364,평면과디자인,문해원,디자인학부,6,5,8
10370,영상과디자인,유동현,디자인학부,2,8,8
10401,시각디자인,이서진,디자인학부,3,8,8
10406,편집디자인,문해원,디자인학부,4,7,8
10461,세법총론,전흥재,세무회계학과,0,8,8
10477,데이터과학을위한계량경영학,박준성,데이터과학과,1,8,8
10478,데이터분석실습1,전용호,데이터과학과,1,8,8
10479,데이터애널리틱스,전용호,데이터과학과,2,8,8
10492,회계원리,이현주,경영학부,4,6,8
10512,디지털비즈니스와소셜미디어,박천웅,경영학부,1,7,8
10561,임베디드시스템특강,이영섭,임베디드시스템공학과,5,4,8
10564,대학수학(1),전현채,정보통신공학과,2,8,8
10605,무선및이동통신,김도엽,정보통신공학과,3,6,8
10618,대학수학(1),한상현,컴퓨터공학부,4,6,8
10623,컴퓨터공학개론,전혜경,컴퓨터공학부,5,4,8
10629,확률및통계,김현정,컴퓨터공학부,2,6,8
10647,데이터베이스,박기석,컴퓨터공학부,7,1,8
10659,CAPSTONE DESIGN,박문주,컴퓨터공학부,3,7,8
10716,기기분석 2,박영돈,에너지화학공학과,2,8,8
10717,화공수치해석개론,김종우,에너지화학공학과,1,7,8
10758,재료컴퓨터해석,장태후,신소재공학과,2,8,8
10762,재료전자기학,장태후,신소재공학과,3,7,8
10771,산업경영공학개론,장석화,산업경영공학과,4,5,8
10792,강화학습,정지혁,산업경영공학과,3,6,8
10805,이동통신공학,윤석현,전자공학과,2,6,8
10838,프로그래밍언어,최욱,전자공학과,3,6,8
10845,전자회로,유종근,전자공학부,5,4,8
10849,전자회로실험,이병진,전자공학과,4,6,8
10850,전자회로실험,이병진,전자공학과,4,5,8
10850,전자회로실험,이병진,전자공학부,2,7,8
10852,신호및시스템,변상원,전자공학부,6,4,8
10853,인공지능,조환호,전자공학부,3,6,8
10865,대학수학(1),이혜경,전기공학과,3,7,8
10866,컴퓨터프로그래밍,서재완,전기공학과,2,6,8
10886,전기기기(1),강동우,전기공학과,0,8,8
10893,인공지능개론,이명훈,전기공학과,1,7,8
10895,광전기에너지공학,윤주형,전기공학과,5,5,8
10909,대학수학(1),이강주,기계공학과,5,5,8
10918,물리(1),김말진,기계공학과,3,6,8
10942,기계재료,전태성,기계공학과,5,6,8
10949,수치해석,김백진,기계공학과,3,5,8
10962,유체역학(2),권재성,기계공학과,3,6,8
10992,소비문화와트렌드분석,김종흠,소비자학과,2,8,8
11014,글로벌비즈니스커뮤니케이션,박진범,무역학부,2,8,8
11019,국제무역론,이윤,무역학부,5,5,8
11053,경제학원리(1),서세욱,경제학과,4,6,8
11077,정치학의이해,우병득,정치외교학과,2,8,8
11091,경제학의이해,김종주,행정학과,0,8,8
11093,행정조직론,타오,행정학과,0,8,8
11094,인간관계론,채드 앤더슨,행정학과,2,7,8
11102,진로세미나I,타오,행정학과,2,6,8
11134,기록관리,조재인,문헌정보학과,1,7,8
11152,1인미디어콘텐츠기획,유우현,미디어커뮤니케이션학과,2,7,8
11211,글로벌패션산업이해,이현정,패션산업학과,3,8,8
11220,현대패션콘텐츠,박은경,패션산업학과,3,8,8
11231,대학수학(1),이정찬,화학과,2,7,8
11267,일반화학(1),정관영,물리학과,2,8,8
11282,계측실험1,김진영,물리학과,1,7,8
11304,해석학(1),문병수,수학과,3,8,8
11307,미분방정식,문병수,수학과,3,7,8
11316,자기설계세미나 I,조봉래,중어중국학과,3,7,8
11320,기초중국어1,최윤경,중어중국학과,3,8,8
11330,중국학강독,이재천,중어중국학과,3,7,8
11338,일본어입문(1),신은진,일본지역문화학과,5,5,8
11483,영미드라마와문화,황연,영어영문학과,3,6,8
11486,음향음성학탐구,정예지,영어영문학과,4,5,8
11511,Academic English,이은재,기계공학과,3,7,8
11719,AI시대의글쓰기이론과실제,박상원,도시건축학부,2,8,8
11751,AI사고와데이터리터러시,이선아,문헌정보학과,3,7,8
11874,대학영어회화1,알란,무역학부,3,6,8
11917,대학영어회화1,"티모시 톰
슨",산업경영공학과,1,7,8
11932,대학영어회화1,알란,산업경영공학과,5,7,8
11940,대학영어회화1,"캘럼 맥코
트",정보통신공학과,1,7,8
11984,대학영어회화1,캘럼 맥코,디자인학부,1,7,8
12007,대학영어회화1,캘럼 맥코,운동건강학부,1,7,8
12009,대학영어회화1,유원,스포츠과학부,0,8,8
12083,대학영어회화1,유원,생명공학전공,0,8,8
9063,(HUSS)스포츠로배우는포용,윤기준,스포츠과학부,1,7,7
9065,(HUSS)디지털포용과스타트업창업실무,박영은,컴퓨터공학부,6,1,7
9123,교육심리,안동근,국어교육과,0,7,7
9154,INU전공탐구,융합자유전공대학,자유전공학부,2,5,7
9155,MBTI로찾아가는나의책,박상원,운동건강학부,1,7,7
9201,심리학의이해,서신화,문헌정보학과,3,5,7
9205,열린사회와다문화,정선주,무역학부,3,4,7
9206,영화속바이러스의이해,예정용,기계공학과,2,5,7
9300,대중매체속바이오테크놀로지,예정용,전자공학부,1,6,7
9327,배움특강,학생취업처,디자인학부,4,5,7
9677,물권법2,진도왕,법학부,4,4,7
9678,물권법2,진도왕,법학부,3,4,7
9687,국제법(2),미배정,법학부,3,5,7
9689,노동법2,이태현,법학부,5,3,7
9697,중국투자법,김호,법학부,2,6,7
9793,인체생리학,양성구,나노바이오공학전공,0,7,7
9810,일반물리학,미배정,생명공학전공,2,6,7
9819,일반화학(1),그레고리 아이작 피터슨,생명공학전공,3,6,7
9837,유전학,박준태,분자의생명전공,1,7,7
9857,분자생물학실험,최재혁,생명과학전공,1,6,7
9904,건축과사회,이금진,도시건축학전공,2,7,7
9918,건축환경(1),이동석,건축공학전공,2,7,7
9928,건축경제,구충완,건축공학전공,2,7,7
9935,건축기초설계1,김한규,도시건축학부,2,7,7
9947,건축개론,김태완,도시건축학부,3,5,7
9957,도시공간정보기초,강준오,도시공학과,1,7,7
9959,도시토지이용계획,엄현주,도시공학과,1,7,7
9962,도시경제학,권기현,도시공학과,0,7,7
9997,선형대수학,신희수,건설환경공학전공,2,6,7
10001,지구시스템과학,강정구,건설환경공학전공,2,6,7
10017,건설경제성공학,미배정,건설환경공학전공,1,7,7
10046,도시재무행정론,강철구,도시행정학과,1,6,7
10049,정부예산과경제,윤광진,도시행정학과,1,7,7
10057,정책디자인세미나,최혜민,도시행정학과,3,6,7
10140,해석학,윤영훈,수학교육과,1,7,7
10142,조합및그래프이론,하구용,수학교육과,1,7,7
10143,집합론,장규환,수학교육과,1,7,7
10156,일본어문법,최은혁,일어교육과,0,7,7
10158,일본문화,하야사와 마사토,일어교육과,1,7,7
10185,국어문법론,김윤신,국어교육과,0,7,7
10186,문학교육론,박주형,국어교육과,0,7,7
10216,운동과스포츠생리학,황문현,운동건강학부,2,7,7
10242,운동영양학,김태완,운동건강학부,1,6,7
10289,New sports1,우희준,스포츠과학부,1,7,7
10304,근골격기능운동학,전경규,스포츠과학부,1,6,7
10312,과학적기능평가,김찬기,스포츠과학부,1,6,7
10315,스포츠지도실습,윤기준,스포츠과학부,0,7,7
10369,디자인발상과드로잉,이기오,디자인학부,3,5,7
10375,기초제품디자인,조유석,디자인학부,4,4,7
10392,타이포와이미지,신민정,디자인학부,3,6,7
10402,인포그래픽디자인,이은영,디자인학부,4,6,7
10459,회계원리(1),유영태,세무회계학과,1,7,7
10463,소득세법,정유석,세무회계학과,1,7,7
10469,고급회계,유영태,세무회계학과,1,7,7
10475,데이터과학개론,박준성,데이터과학과,2,7,7
10476,데이터과학을위한기초통계학,강희재,데이터과학과,2,7,7
10493,회계원리,이현주,경영학부,3,5,7
10497,MIS개론,박천웅,경영학부,3,4,7
10531,인터넷마케팅,김성광,경영학부,2,5,7
10538,스타트업과비즈니스모델,김태훈,경영학부,1,7,7
10560,사물인터넷,김현범,임베디드시스템공학과,5,5,7
10595,빅데이터프로그래밍,안승환,정보통신공학과,3,5,7
10597,선형대수론,김경원,정보통신공학과,4,4,7
10609,정보보호시스템,이은규,정보통신공학과,1,7,7
10614,통신시스템설계,전현채,정보통신공학과,2,7,7
10649,운영체제,미배정,컴퓨터공학부,7,0,7
10656,웹프로그래밍,박기석,컴퓨터공학부,4,7,7
10663,CAPSTONE DESIGN,안재균,컴퓨터공학부,4,7,7
10667,소프트웨어설계,박기석,컴퓨터공학부,5,5,7
10673,대학수학(1),우현명,바이오-로봇시스템공학과,2,7,7
10678,정역학,박상인,바이오-로봇시스템공학과,2,7,7
10684,객체지향프로그래밍,정현두,바이오-로봇시스템공학과,1,6,7
10690,생체신호및시스템,정현두,바이오-로봇시스템공학과,2,6,7
10713,에너지화공기초실험,노윤호,에너지화학공학과,0,7,7
10723,캡스톤 디자인 화공설계,이재훈,에너지화학공학과,0,7,7
10742,방화공학,이민철,안전공학과,0,7,7
10756,금속재료,김정곤,신소재공학과,1,7,7
10757,재료의전기적성질,박재윤,신소재공학과,3,7,7
10780,제품개발프로세스,박기정,산업경영공학과,5,3,7
10782,품질공학,정영배,산업경영공학과,4,3,7
10791,시스템종합설계,이세린,산업경영공학과,3,5,7
10794,스마트물류,이준혁,산업경영공학과,2,6,7
10796,회로이론및실습,송준영,반도체융합전공,3,7,7
10817,선형대수학,변윤식,전자공학부,5,4,7
10822,복소함수및벡터,구경헌,전자공학부,4,4,7
10824,스마트시스템입문,김영현,전자공학과,6,5,7
10825,스마트시스템입문,조정완,전자공학과,3,4,7
10826,스마트시스템입문,조정완,전자공학과,5,3,7
10829,디지털실험,김영현,전자공학부,3,5,7
10832,디지털실험,양운근,전자공학부,2,5,7
10843,전자회로,유종근,전자공학과,3,5,7
10845,전자회로,유종근,전자공학과,3,5,7
10846,전자회로실험,이병진,전자공학과,5,3,7
10871,전기.전자기초실험,김준석,전기공학과,4,4,7
10872,전기.전자기초실험,김용하,전기공학과,4,5,7
10884,전기실험(2),윤주형,전기공학과,1,7,7
10897,송배전설계,서재완,전기공학과,3,6,7
10899,전기기기제어론,김준석,전기공학과,4,5,7
10931,공학수학 1,신창훈,기계공학과,2,6,7
10938,고체역학1,박형범,기계공학과,4,4,7
10952,응용기계수학1,김정호,기계공학과,2,6,7
10959,기계진동,남동호,기계공학과,3,5,7
11044,바이오비즈니스론,이루리,무역학부,3,6,7
11054,회계원리,한홍열,경제학과,3,7,7
11076,자기설계세미나 I,정영우,정치외교학과,2,7,7
11080,현대사회와민주주의,강진옥,정치외교학과,0,7,7
11084,빅데이터와정치,우병득,정치외교학과,0,7,7
11092,인사행정론,김동원,행정학과,0,7,7
11108,원격교육론,이세현,창의인재개발학과,3,6,7
11110,교수설계론,임정훈,창의인재개발학과,1,7,7
11132,데이터분석과시각화,장수현,문헌정보학과,1,7,7
11135,정보시스템구축론,박종도,문헌정보학과,1,6,7
11150,디지털영상제작(1),장태희,미디어커뮤니케이션학과,1,7,7
11170,아동복지론,정선영,사회복지학과,3,4,7
11196,지질해양학1,김영균,해양학과,1,6,7
11212,섬유소재이해,조윤경,패션산업학과,3,7,7
11236,일반생물학(1),미배정,화학과,1,7,7
11240,일반화학(1),방지원,화학과,1,7,7
11250,물리화학실험,방지원,화학과,0,7,7
11251,물리화학실험,이창민,화학과,1,7,7
11255,유기화학(3),김태현,화학과,1,6,7
11286,반도체물리학,이진호,물리학과,1,7,7
11322,중국어듣기와말하기(1),청웨이웨이,중어중국학과,1,7,7
11326,근대중국의개혁과혁명,이용운,중어중국학과,1,7,7
11335,중국학연구종합설계,장정아,중어중국학과,2,6,7
11349,실천일본어회화(1),나카무라유리,일본지역문화학과,2,7,7
11350,일본의지역지리,다무라 후미노리,일본지역문화학과,1,7,7
11446,중급독일어A2 1,슈텔레 에바,독어독문학과,1,6,7
11470,영작문(2),알라나 커밍스,영어영문학과,0,7,7
11473,영어학입문,김정태,영어영문학과,1,7,7
11481,영국문학사,하인혜,영어영문학과,3,6,7
11523,Academic English,김연정,전자공학부,2,7,7
11592,Academic English,김연정,자유전공학부,2,6,7
11730,AI시대의글쓰기이론과실제,윤숙,자유전공학부,2,5,7
11762,AI사고와데이터리터러시,황태준,디자인학부,4,5,7
11766,AI사고와데이터리터러시,김백현,도시건축학부,2,7,7
9092,공직사회의이해,미배정,법학부,5,1,6
9155,MBTI로찾아가는나의책,박상원,디자인학부,2,4,6
9155,MBTI로찾아가는나의책,박상원,전기공학과,4,3,6
9199,심리학의이해,서신화,패션산업학과,2,5,6
9200,심리학의이해,박준성,임베디드시스템공학과,2,5,6
9201,심리학의이해,서신화,경영학부,2,5,6
9207,영화속으로들어간클래식음악,김상림,경영학부,2,5,6
9288,기업가정신,창업지원단,경영학부,3,4,6
9300,대중매체속바이오테크놀로지,예정용,경영학부,1,5,6
9300,대중매체속바이오테크놀로지,예정용,컴퓨터공학부,2,5,6
9345,성격과인간심리의이해,서신화,세무회계학과,2,5,6
9376,예술과친구하기,이계원,컴퓨터공학부,1,5,6
9694,법여성학,김수진,법학부,2,6,6
9699,헌법연습 I,김영진,법학부,4,2,6
9754,일본어독해작문(2),기타우치 다이토,동북아국제통상전공,1,5,6
9760,중급중국어회화,전걸,동북아국제통상전공,1,5,6
9761,한중경제관계론,김민수,동북아국제통상전공,0,6,6
9783,무기화학,한상길,나노바이오공학전공,1,6,6
9785,나노바이오실험1,이승호,나노바이오공학전공,2,4,6
9789,바이오 센서 공학,한상길,나노바이오공학전공,2,5,6
9791,종합설계및세미나1,송영준,나노바이오공학전공,1,6,6
9807,생체재료 및 조직공학,양기석,생명공학전공,1,6,6
9809,대학수학(1),김기태,생명공학전공,1,6,6
9830,미생물및생화학실험,예정용,분자의생명전공,3,5,6
9831,미생물및생화학실험,봉지홍,분자의생명전공,2,6,6
9854,동물분류및형태학,배양섭,생명과학전공,1,6,6
9855,동물분류생태실험,김길원,생명과학전공,2,6,6
9856,분자생물학,최재혁,생명과학전공,1,6,6
9871,생물학기초(1),강기윤,분자의생명전공,4,3,6
9874,생물학기초실험(1),봉지홍,분자의생명전공,2,4,6
9881,화학실험,강동구,분자의생명전공,1,6,6
9886,건축환경,이동석,도시건축학전공,1,5,6
9887,서양건축사,신은기,도시건축학전공,1,5,6
9899,지속가능한 도시,김한규,도시건축학전공,1,5,6
9901,도시계획유산연구,최정윤,도시건축학전공,3,3,6
9903,한국건축사,김대한,도시건축학전공,2,4,6
9930,친환경건축설비,장현숙,건축공학전공,1,6,6
9988,환경공학세미나1,이도균,환경공학전공,3,5,6
10004,확률및통계,김경희,건설환경공학전공,0,6,6
10009,도시지공학실무(1),권용희,건설환경공학전공,0,6,6
10024,Hydroinformatics,장동우,건설환경공학전공,1,6,6
10029,도로공학,박정희,건설환경공학전공,1,6,6
10039,엔지니어링소프트웨어,유지예,환경공학전공,5,5,6
10040,도시데이터마이닝,양욱재,도시행정학과,0,6,6
10157,일본어학개론,조선영,일어교육과,0,6,6
10229,장애및질환에따른신체활동,김동일,운동건강학부,1,6,6
10232,운동부하검사,미배정,운동건강학부,0,6,6
10274,스포츠커뮤니케이션,박상혁,스포츠과학부,0,6,6
10302,Sports Data Analytics,김종원,스포츠과학부,1,6,6
10309,테니스기초,임새미,스포츠과학부,1,6,6
10317,신체교정운동,김찬기,스포츠과학부,1,6,6
10360,자기설계세미나 I,안혜신,디자인학부,4,5,6
10361,자기설계세미나 I,한혜진,디자인학부,2,4,6
10377,3D 컴퓨터 디자인,홍민석,디자인학부,2,4,6
10394,광고디자인스튜디오,이상혁,디자인학부,3,4,6
10403,인포그래픽디자인,이은영,디자인학부,3,4,6
10460,세법총론,전흥재,세무회계학과,2,4,6
10468,IT활용회계,황희주,세무회계학과,2,6,6
10498,MIS개론,박천웅,경영학부,3,3,6
10501,경영과학,김서영,경영학부,5,4,6
10502,경영과학,김태호,경영학부,3,5,6
10504,경영과학,이상훈,경영학부,1,5,6
10528,원가회계,박영규,경영학부,0,6,6
10545,C언어프로그래밍(2),강석훈,임베디드시스템공학과,1,6,6
10572,인공지능ICT융합개론1,노송,정보통신공학과,4,4,6
10574,전자물리,이병주,정보통신공학과,1,6,6
10578,데이터베이스,유제진,정보통신공학과,4,2,6
10590,확률이론,안승환,정보통신공학과,0,6,6
10596,빅데이터프로그래밍,우요섭,정보통신공학과,1,5,6
10611,캡스톤디자인(1),이병주,정보통신공학과,2,6,6
10620,대학수학(1),한상현,컴퓨터공학부,4,2,6
10626,프로그래밍입문,채진석,컴퓨터공학부,3,4,6
10653,데이터통신,최승식,컴퓨터공학부,3,3,6
10660,CAPSTONE DESIGN,채진석,컴퓨터공학부,2,5,6
10665,CAPSTONE DESIGN,이현규,컴퓨터공학부,2,4,6
10674,화학생물,이탁기,바이오-로봇시스템공학과,1,6,6
10677,자기설계세미나,박상인,바이오-로봇시스템공학과,1,6,6
10689,생체계측및의공학,조영욱,바이오-로봇시스템공학과,2,5,6
10691,수치해석,한유성,바이오-로봇시스템공학과,2,5,6
10700,대학수학(1),문병수,에너지화학공학과,0,6,6
10743,산업안전심리,백동현,안전공학과,0,6,6
10744,수리수문학,송창근,안전공학과,0,6,6
10751,물리(1),김완선,신소재공학과,2,5,6
10770,산업경영공학개론,장석화,산업경영공학과,4,2,6
10820,소프트웨어입문,김교선,전자공학부,3,3,6
10821,복소함수및벡터,구경헌,전자공학과,3,3,6
10821,복소함수및벡터,구경헌,전자공학부,5,3,6
10826,스마트시스템입문,조정완,전자공학부,3,5,6
10827,스마트시스템입문,김영현,전자공학과,3,3,6
10833,전자기학,전석희,전자공학부,1,5,6
10834,전자기학,전석희,전자공학과,3,4,6
10837,프로그래밍언어,최욱,전자공학과,4,2,6
10843,전자회로,유종근,전자공학부,4,3,6
10844,전자회로,유종근,전자공학과,4,3,6
10855,캡스턴디자인1,서정현,전자공학과,2,4,6
10860,아날로그집적회로,송준영,전자공학과,2,5,6
10867,컴퓨터프로그래밍,강동우,전기공학과,2,6,6
10879,디지털공학개론,최현규,전기공학과,3,5,6
10900,캡스톤설계(1),이동길,전기공학과,3,5,6
10903,현대제어,이동길,전기공학과,2,5,6
10913,대학화학,오세영,기계공학과,2,4,6
10915,대학화학,오세영,기계공학과,4,3,6
10919,물리(1),김말진,기계공학과,3,4,6
10930,기계기초프로그래밍,김승권,기계공학과,3,4,6
10935,고체역학1,구상모,기계공학과,2,5,6
10964,2차전지공학,신성수,기계공학과,1,5,6
11002,e-biz개론,황낙건,무역학부,2,4,6
11011,경제학원리(1),주현,무역학부,2,5,6
11013,경제학원리(1),김순홍,무역학부,4,3,6
11041,글로벌비즈니스캡스톤디자인1,이종화,무역학부,1,5,6
11049,기후경제학,강희찬,경제학과,1,5,6
11051,경제학원리(1),이명헌,경제학과,5,2,6
11072,거시경제학특강,이원경,경제학과,1,5,6
11106,인적자원개발론,김태성,창의인재개발학과,3,6,6
11111,심리측정및평가,박선영,창의인재개발학과,1,6,6
11114,전략적HRD세미나,김진용,창의인재개발학과,0,6,6
11139,휴먼커뮤니케이션입문,김은이,미디어커뮤니케이션학과,1,5,6
11164,사회문제론,장애지,사회복지학과,2,5,6
11165,사회복지와인권,권정호,사회복지학과,2,5,6
11169,사회서비스개론,박영민,사회복지학과,2,5,6
11174,청소년복지론,윤용희,사회복지학과,3,5,6
11192,생물해양학 및 실험,이호준,해양학과,1,5,6
11197,해수순환의이해,김일남,해양학과,1,5,6
11223,패션디자인스튜디오I,이현승,패션산업학과,2,6,6
11232,일반물리학(1),미배정,화학과,1,6,6
11243,일반화학실험(1),강동구,화학과,1,5,6
11253,생화학(1),강동구,화학과,0,6,6
11261,대학수학(1),이미혜,물리학과,2,6,6
11266,일반생물학(1),이탁기,물리학과,2,5,6
11274,역학실험,한강희,물리학과,2,4,6
11279,물리프로그래밍,엇후 도르츠,물리학과,1,6,6
11310,대수적조합론,장일승,수학과,1,6,6
11312,위상수학및응용,배영진,수학과,1,6,6
11318,중국사개론,이용운,중어중국학과,3,5,6
11319,중국사개론,이용운,중어중국학과,4,6,6
11323,중국어듣기와말하기(1),청웨이웨이,중어중국학과,0,6,6
11324,집중중국어실습(1),변다은,중어중국학과,1,6,6
11329,중국학강독,조봉래,중어중국학과,3,5,6
11334,고급한어강독,조혜영,중어중국학과,1,5,6
11370,프랑스어회화(1),파비앙,불어불문학과,1,6,6
11374,프랑스어문법과 작문1,이현주,불어불문학과,1,6,6
11399,고전과삶,김정경,국어국문학과,3,4,6
11404,한국문학의이해,정우경,국어국문학과,3,4,6
11415,현대문학사1,강용훈,국어국문학과,2,5,6
11424,시창작연습,정우신,국어국문학과,0,6,6
11572,Academic English,김상조,세무회계학과,2,6,6
11621,AI시대의글쓰기이론과실제,최혜림,문헌정보학과,2,5,6
11665,AI시대의글쓰기이론과실제,최혜림,디자인학부,3,6,6
11767,AI사고와데이터리터러시,이슬비,도시건축학부,2,5,6
11789,대학영어회화1,데릭 스톤,국어국문학과,1,6,6
11918,대학영어회화1,"티모시 톰
슨",신소재공학과,0,6,6
11938,대학영어회화1,코리 로슨,컴퓨터공학부,1,6,6
11942,대학영어회화1,데릭 스톤,정보통신공학과,2,4,6
11944,대학영어회화1,데이비드,정보통신공학과,2,5,6
11988,대학영어회화1,데릭 스톤,디자인학부,3,4,6
12012,대학영어회화1,데이비드,스포츠과학부,0,6,6
9048,(HUSS서강대)포용사회주제세미나,미배정,컴퓨터공학부,5,2,5
9085,국제복합운송론,장진열,무역학부,1,4,5
9126,교육평가,김성연,수학교육과,1,5,5
9155,MBTI로찾아가는나의책,박상원,기계공학과,2,4,5
9155,MBTI로찾아가는나의책,박상원,임베디드시스템공학과,2,4,5
9198,심리학의이해,박준성,생명공학전공,3,2,5
9200,심리학의이해,박준성,컴퓨터공학부,3,4,5
9201,심리학의이해,서신화,기계공학과,2,3,5
9201,심리학의이해,서신화,영어영문학과,3,2,5
9206,영화속바이러스의이해,예정용,경영학부,2,3,5
9206,영화속바이러스의이해,예정용,디자인학부,5,1,5
9206,영화속바이러스의이해,예정용,무역학부,5,2,5
9207,영화속으로들어간클래식음악,김상림,법학부,0,5,5
9214,일본어1,전혜수,임베디드시스템공학과,1,4,5
9226,차라투스트라춤추는별이되어라,송대현,문헌정보학과,1,4,5
9234,한국미술과문화,구진경,생명공학전공,0,5,5
9246,3D모션캡쳐와관련기술의적용,교육혁신본부,디자인학부,2,4,5
9258,K컬처와한국사상,교육혁신본부,정보통신공학과,1,4,5
9276,결혼과가족,류민영,세무회계학과,2,3,5
9288,기업가정신,창업지원단,디자인학부,1,4,5
9288,기업가정신,창업지원단,컴퓨터공학부,1,4,5
9300,대중매체속바이오테크놀로지,예정용,동북아국제통상전공,1,5,5
9306,디지털미디어로보는무역과통상,고보민,영어영문학과,3,5,5
9319,물류의이해,김우중,경제학과,2,4,5
9319,물류의이해,김우중,컴퓨터공학부,4,4,5
9321,물의위기와환경,이민수,중어중국학과,1,5,5
9325,미생물학입문,교육혁신본부,경영학부,0,5,5
9337,삶과천문학,김민수,무역학부,1,4,5
9345,성격과인간심리의이해,서신화,문헌정보학과,3,2,5
9345,성격과인간심리의이해,서신화,법학부,2,4,5
9355,스토리텔링뮤직,김규,생명공학전공,2,3,5
9367,연극예술과문화생활,박근수,경영학부,1,4,5
9374,영화로배우는독성학개론,예정용,경제학과,2,3,5
9375,영화예술과문화생활,박근수,경영학부,2,4,5
9376,예술과친구하기,이계원,무역학부,3,2,5
9379,우리가살고있는신비한지구,최윤성,임베디드시스템공학과,1,4,5
9383,음악과스토리텔링으로읽는글로벌KCulture,김규,디자인학부,3,4,5
9436,한반도와유라시아,조형진,경영학부,2,3,5
9674,법학개론,노영돈,법학부,1,5,5
9729,화물운송론,이향숙,동북아국제통상전공,2,3,5
9732,해상운송론,이해찬,무역학부,0,5,5
9734,계량물류분석론,송상화,무역학부,2,5,5
9751,미중화폐금융론,김민수,동북아국제통상전공,1,5,5
9759,중급일본어회화,기타우치 다이토,동북아국제통상전공,1,5,5
9784,일반미생물학,김준섭,나노바이오공학전공,0,5,5
9786,나노바이오실험1,이승호,나노바이오공학전공,2,4,5
9790,바이오전자공학,미배정,나노바이오공학전공,1,4,5
9799,분자생물학,장성호,생명공학전공,0,5,5
9800,생명공학세미나 1,이동택,생명공학전공,0,5,5
9801,생명공학실험 2,미배정,생명공학전공,0,5,5
9802,발효공학,서명지,생명공학전공,0,5,5
9804,의학공학,박경민,생명공학전공,0,5,5
9816,일반생물학실험(1),장성호,생명공학전공,1,4,5
9824,자기설계세미나 I,장성호,생명공학전공,1,4,5
9835,미생물학,예정용,분자의생명전공,1,5,5
9838,고급분자생물학,강하라,분자의생명전공,1,5,5
9862,수리생물학입문,이종구,생명과학전공,3,4,5
9868,물리학,유상구,분자의생명전공,2,3,5
9869,물리학,유상구,분자의생명전공,1,4,5
9880,화학,권태현,생명과학전공,1,5,5
9900,건축구조의 적용,김민수,도시건축학전공,1,4,5
9926,건축실시설계,박지훈,건축공학전공,1,5,5
9942,자기설계세미나 I,이태영,도시건축학부,3,3,5
9948,건축개론,김한규,도시건축학부,2,5,5
9964,스마트도시교통론,석종수,도시공학과,1,5,5
9996,대학수학(1),손홍민,건설환경공학전공,1,4,5
10050,도시공간과사회,미배정,도시행정학과,1,4,5
10141,미분방정식,이동선,수학교육과,0,5,5
10144,복소해석학1,오혜영,수학교육과,1,5,5
10145,위상수학1,정찬석,수학교육과,1,5,5
10146,현대대수학1,장규환,수학교육과,1,5,5
10159,일본어강독,최현필,일어교육과,0,5,5
10215,운동과스포츠생리학,황문현,운동건강학부,1,5,5
10219,해양훈련,전재희,운동건강학부,1,4,5
10296,해양스포츠,김민철,스포츠과학부,1,5,5
10313,기능재활운동2,전경규,스포츠과학부,1,5,5
10362,자기설계세미나 I,김시연,디자인학부,2,3,5
10371,영상과디자인,유동현,디자인학부,2,4,5
10374,입체디자인,박채은,디자인학부,4,2,5
10393,광고디자인스튜디오,이상혁,디자인학부,3,4,5
10398,색채와디지털이미지,김지룡,디자인학부,3,5,5
10410,브랜드디자인프로젝트,김시연,디자인학부,3,5,5
10412,시각디자인프로젝트,전혜연,디자인학부,1,5,5
10417,기초서양화,이계원,조형예술학부,2,4,5
10470,법인세법(2),한홍열,세무회계학과,2,4,5
10478,데이터분석실습1,전용호,경영학부,2,4,5
10491,회계원리,이창현,경영학부,4,1,5
10503,경영과학,이상훈,경영학부,1,4,5
10534,투자론,김선호,경영학부,2,3,5
10544,C언어프로그래밍(1),원경호,임베디드시스템공학과,0,5,5
10558,딥러닝알고리즘,강우철,임베디드시스템공학과,3,2,5
10567,프로그래밍(1),조원서,정보통신공학과,3,2,5
10570,이산수학론,우요섭,정보통신공학과,0,5,5
10576,ICT공학수학,강승택,정보통신공학과,2,3,5
10592,통신공학이론,노송,정보통신공학과,4,2,5
10602,전자회로,강승택,정보통신공학과,1,4,5
10606,분산클라우드컴퓨팅,김영필,정보통신공학과,0,5,5
10627,프로그래밍입문,한재현,컴퓨터공학부,2,3,5
10630,확률및통계,김현정,컴퓨터공학부,3,5,5
10632,자료구조,김인수,컴퓨터공학부,2,3,5
10662,CAPSTONE DESIGN,이장호,컴퓨터공학부,1,4,5
10688,기계진동,윤종윤,바이오-로봇시스템공학과,1,4,5
10712,에너지화공기초실험,권오중,에너지화학공학과,2,3,5
10740,화학안전공학,이홍주,안전공학과,0,5,5
10741,건설재료학,오태근,안전공학과,0,5,5
10750,대학화학,이미경,신소재공학과,2,4,5
10760,분말야금학,김정곤,신소재공학과,3,4,5
10761,재료물리화학(2),장태후,신소재공학과,1,5,5
10763,상변태,김정곤,신소재공학과,0,5,5
10793,기업과안전,김철홍,산업경영공학과,1,5,5
10801,전파공학,김영현,전자공학과,2,4,5
10803,전파공학,윤영노,전자공학과,1,4,5
10825,스마트시스템입문,조정완,전자공학부,2,3,5
10829,디지털실험,김영현,반도체융합전공,3,4,5
10829,디지털실험,김영현,전자공학과,2,4,5
10830,디지털실험,이경순,전자공학과,2,5,5
10835,전자기학,서정현,반도체융합전공,2,5,5
10835,전자기학,서정현,전자공학과,4,1,5
10837,프로그래밍언어,최욱,전자공학부,3,3,5
10839,반도체소자,정은교,전자공학부,2,5,5
10840,반도체소자,정은교,전자공학부,1,4,5
10841,반도체소자,이영훈,전자공학과,3,2,5
10842,전자회로,유종근,전자공학부,4,1,5
10844,전자회로,유종근,전자공학부,2,3,5
10854,인공지능,조환호,전자공학부,3,2,5
10856,캡스턴디자인1,양운근,전자공학과,4,1,5
10890,전력전자공학,윤한신,전기공학과,2,5,5
10925,물리실험(1),김병훈,기계공학과,3,3,5
10932,공학수학 1,신창훈,기계공학과,2,3,5
10951,응용기계수학1,이강주,기계공학과,1,4,5
10983,캡스톤디자인2,이태선,기계공학과,1,5,5
10993,지속가능소비론,이영애,소비자학과,1,4,5
10996,매장관리,박양희,소비자학과,2,5,5
10997,상품개발론,미배정,소비자학과,2,5,5
11012,경제학원리(1),옥우석,무역학부,3,5,5
11034,디지털비즈니스애널리틱스,김경원,무역학부,3,4,5
11039,관세론,김필준,무역학부,1,4,5
11047,시사경제1,임조순,경제학과,2,3,5
11048,정치경제학,이갑영,경제학과,2,4,5
11052,경제학원리(1),서세욱,경제학과,1,5,5
11060,미시경제학,황성현,경제학과,1,5,5
11062,경제자료의이해와활용,김종주,경제학과,0,5,5
11081,강대국정치론,강지연,정치외교학과,1,5,5
11085,핵정치론,강지연,정치외교학과,0,5,5
11101,예산분석론,박소영,행정학과,2,3,5
11105,자기설계세미나 I,고유정,창의인재개발학과,2,5,5
11107,상담심리학,유현경,창의인재개발학과,3,5,5
11112,인적자원개발및관리,김은수,창의인재개발학과,0,5,5
11113,인적자원자료분석의실제,유현주,창의인재개발학과,0,5,5
11140,디지털미디어리터러시,유우현,미디어커뮤니케이션학과,1,4,5
11156,커뮤니케이션세미나,이수범,미디어커뮤니케이션학과,1,4,5
11163,사회복지학개론,송다영,사회복지학과,2,4,5
11171,정신건강사회복지론,박종은,사회복지학과,1,4,5
11172,사회복지행정론,전용호,사회복지학과,0,5,5
11175,프로그램개발과평가,정선영,사회복지학과,1,5,5
11177,여성복지론,최보라,사회복지학과,3,3,5
11195,수환경보존학,김연정,해양학과,1,4,5
11199,해양학을위한수리계산과학개론,이경재,해양학과,2,4,5
11200,양식과환경,미배정,해양학과,2,3,5
11202,조류생리생태학및실험,공정애,해양학과,1,5,5
11222,테일러링,이주연,패션산업학과,2,5,5
11239,일반생물학실험(1),김길원,화학과,1,5,5
11262,일반물리학(1),박승룡,물리학과,2,5,5
11287,열및통계물리학(1),김정우,물리학과,0,5,5
11302,선형대수학(1),함남우,수학과,3,3,5
11325,집중중국어실습(1),변다은,중어중국학과,0,5,5
11331,중국소설속사랑과정의,윤지양,중어중국학과,2,5,5
11341,자기설계세미나 I,남상욱,일본지역문화학과,2,3,5
11372,문화예술의이해,조성주,불어불문학과,1,4,5
11398,고전과삶,김정경,국어국문학과,2,5,5
11402,자기설계세미나 I,김정경,국어국문학과,3,5,5
11405,한국문학의이해,정우경,국어국문학과,3,4,5
11423,고전시가의이해,배은희,국어국문학과,1,5,5
11425,한국문학과세계문학,장영은,국어국문학과,0,5,5
11438,한국어와정보기술,안소진,국어국문학과,2,3,5
11449,중급독일어회화 A2 1,미하엘멩케,독어독문학과,0,5,5
11451,독일산문,권혁준,독어독문학과,0,5,5
11452,독일어구문과표현,박은주,독어독문학과,1,4,5
11454,독일의일상과대중문화,이노은,독어독문학과,2,3,5
11457,독일문화와젠더,신동도,독어독문학과,3,3,5
11465,실용영어(1),정채관,영어영문학과,1,5,5
11466,영문법의이해,윤소연,영어영문학과,1,4,5
11477,희곡개론,황연,영어영문학과,3,3,5
11478,중급영어회화(1),알라나 커밍스,영어영문학과,3,3,5
11485,영어음운론,정예지,영어영문학과,2,3,5
11489,Academic English,이은재,화학과,2,4,5
11552,Academic English,김상조,정보통신공학과,0,5,5
11586,Academic English,이은재,경영학부,1,4,5
11602,AI시대의글쓰기이론과실제,김은경,일본지역문화학과,3,4,5
11625,AI시대의글쓰기이론과실제,윤숙,사회복지학과,2,4,5
11651,AI시대의글쓰기이론과실제,박상원,소비자학과,0,5,5
11740,AI사고와데이터리터러시,추교남,국어국문학과,3,5,5
11741,AI사고와데이터리터러시,추교남,불어불문학과,2,3,5
11748,AI사고와데이터리터러시,이선아,중어중국학과,4,4,5
11763,AI사고와데이터리터러시,김종탁,디자인학부,1,5,5
11791,대학영어회화1,데릭 스톤,법학부,0,5,5
11803,대학영어회화1,알란,법학부,2,4,5
11807,대학영어회화1,"캘럼 맥코
트",독어독문학과,0,5,5
11820,대학영어회화1,"브렌트 맥
납",물리학과,1,5,5
11855,대학영어회화1,"캘럼 맥코
트",문헌정보학과,1,4,5
11899,대학영어회화1,"티모시 톰
슨",전자공학부,1,4,5
11936,대학영어회화1,유원,컴퓨터공학부,0,5,5
11951,대학영어회화1,"티모시 톰
슨",경영학부,0,5,5
12147,운동처방실제,OCU,법학부,1,4,5
12151,모두의인공지능,OCU,법학부,1,4,5
