source,subject_id_a,subject_name_a,professor_a,subject_id_b,subject_name_b,professor_b,co_user_count
timetable,10552,마이크로컨트롤러구조,황광일,10554,통신기초,김현범,24
timetable,10551,데이터구조,강석훈,10552,마이크로컨트롤러구조,황광일,23
timetable,10551,데이터구조,강석훈,10554,통신기초,김현범,23
timetable,10631,데이터프로그래밍,이장호,10635,Java언어,허혜선,23
timetable,10704,공학수학 1,윤정식,10708,화학공학양론,김종우,23
timetable,9794,물리화학,양기석,9795,유기화학(1),박경민,22
timetable,10704,공학수학 1,윤정식,10705,물리화학 1,권오중,22
timetable,10704,공학수학 1,윤정식,10706,유기화학 1,김진호,22
timetable,10705,물리화학 1,권오중,10706,유기화학 1,김진호,22
timetable,10705,물리화학 1,권오중,10708,화학공학양론,김종우,22
timetable,10706,유기화학 1,김진호,10708,화학공학양론,김종우,22
timetable,10551,데이터구조,강석훈,10553,데이터사이언스기초,강우철,21
timetable,10552,마이크로컨트롤러구조,황광일,10553,데이터사이언스기초,강우철,21
timetable,10553,데이터사이언스기초,강우철,10554,통신기초,김현범,21
timetable,10631,데이터프로그래밍,이장호,10633,자료구조,안재균,21
timetable,10631,데이터프로그래밍,이장호,10641,시뮬레이션 기초 및 실습,김지범,21
timetable,9795,유기화학(1),박경민,9796,미생물공학,이동택,19
timetable,9795,유기화학(1),박경민,9798,식품공학개론,서명지,19
timetable,10631,데이터프로그래밍,이장호,10638,디지털공학,김우일,19
timetable,9794,물리화학,양기석,9796,미생물공학,이동택,18
timetable,10778,확정적경영과학,이종헌,10779,데이터베이스,이세린,18
timetable,11215,서양복식사,장인우,11219,패션드로잉과도식화,박은경,18
timetable,10631,데이터프로그래밍,이장호,10634,자료구조,안재균,17
timetable,10776,인간공학,최서빈,10778,확정적경영과학,이종헌,17
timetable,10933,공학수학 1,김영진,10943,기계재료,이태선,17
timetable,10281,기초기능해부학,전경규,10286,스포츠사회학,임새미,16
timetable,10583,회로이론,전현채,10584,리눅스기초및프로그래밍,김영필,16
timetable,10635,Java언어,허혜선,10638,디지털공학,김우일,16
timetable,10774,확률및통계(1),류도현,10778,확정적경영과학,이종헌,16
timetable,10774,확률및통계(1),류도현,10779,데이터베이스,이세린,16
timetable,9745,거시경제론,김부용,9746,국제무역론,한도숙,15
timetable,9794,물리화학,양기석,9798,식품공학개론,서명지,15
timetable,9796,미생물공학,이동택,9798,식품공학개론,서명지,15
timetable,10043,도시계획론,최승준,10044,도시사회학이론,최혜민,15
timetable,10464,원가회계,최평국,10465,중급회계(1),김광태,15
timetable,10579,데이터베이스,우요섭,10584,리눅스기초및프로그래밍,김영필,15
timetable,10591,통신공학이론,이병주,10594,데이터통신,이기영,15
timetable,10708,화학공학양론,김종우,10709,화학공학입문,노윤호,15
timetable,10823,복소함수및벡터,구경헌,10824,스마트시스템입문,김영현,15
timetable,10857,캡스턴디자인1,홍연찬,10859,고체전자소자,김태훈,15
timetable,10933,공학수학 1,김영진,10945,전기전자공학개론,김태우,15
timetable,11276,일반역학(1),김병훈,11277,현대물리학(1),박승룡,15
timetable,9684,민사소송법(1),김호,9685,형사소송법,정배근,14
timetable,10281,기초기능해부학,전경규,10287,운동생리학,이세원,14
timetable,10464,원가회계,최평국,10467,회계원리연습,진덕수,14
timetable,10475,데이터과학개론,박준성,10476,데이터과학을위한기초통계학,강희재,14
timetable,10579,데이터베이스,우요섭,10583,회로이론,전현채,14
timetable,10633,자료구조,안재균,10641,시뮬레이션 기초 및 실습,김지범,14
timetable,10634,자료구조,안재균,10638,디지털공학,김우일,14
timetable,10681,공업수학(2),윤종윤,10683,전기회로,조영욱,14
timetable,10682,재료역학,한유성,10683,전기회로,조영욱,14
timetable,10704,공학수학 1,윤정식,10709,화학공학입문,노윤호,14
timetable,10705,물리화학 1,권오중,10709,화학공학입문,노윤호,14
timetable,10706,유기화학 1,김진호,10709,화학공학입문,노윤호,14
timetable,10774,확률및통계(1),류도현,10776,인간공학,최서빈,14
timetable,10776,인간공학,최서빈,10779,데이터베이스,이세린,14
timetable,10823,복소함수및벡터,구경헌,10829,디지털실험,김영현,14
timetable,10824,스마트시스템입문,김영현,10836,전자기학,서정현,14
timetable,10875,전자기학(1),이우찬,10877,회로이론(1),정영식,14
timetable,10933,공학수학 1,김영진,10939,공업열역학1,김상문,14
timetable,11148,광고입문,박진성,11151,영화의이해,이동후,14
timetable,11215,서양복식사,장인우,11216,2D패턴디자인,미배정,14
timetable,11216,2D패턴디자인,미배정,11219,패션드로잉과도식화,박은경,14
timetable,10286,스포츠사회학,임새미,10288,운동생리학,이세원,13
timetable,10462,소득세법,정유석,10464,원가회계,최평국,13
timetable,10462,소득세법,정유석,10465,중급회계(1),김광태,13
timetable,10478,데이터분석실습1,전용호,10479,데이터애널리틱스,전용호,13
timetable,10577,ICT공학수학,이종길,10584,리눅스기초및프로그래밍,김영필,13
timetable,10638,디지털공학,김우일,10641,시뮬레이션 기초 및 실습,김지범,13
timetable,10681,공업수학(2),윤종윤,10682,재료역학,한유성,13
timetable,10754,기초전기화학,명재하,10755,현대물리학,이한보람,13
timetable,10823,복소함수및벡터,구경헌,10836,전자기학,서정현,13
timetable,10889,전력전자공학,최현규,10892,에너지발생 및 운용,김용하,13
timetable,10939,공업열역학1,김상문,10945,전기전자공학개론,김태우,13
timetable,11245,분석화학(1),김규원,11248,유기화학(1),김진호,13
timetable,11276,일반역학(1),김병훈,11280,선형대수학,함남우,13
timetable,11304,해석학(1),문병수,11305,현대대수학,장일승,13
timetable,11346,아카데믹일본어1,신은진,11347,일본근현대사,박진한,13
wishlist,9045,(HUSS국립부경대)과거사청산과포용의문화,미배정,9046,(HUSS대구대)오디세이프로젝트3전쟁과평화,미배정,13
wishlist,9199,심리학의이해,서신화,9202,심리학의이해,서신화,13
wishlist,9206,영화속바이러스의이해,예정용,9207,영화속으로들어간클래식음악,김상림,13
wishlist,10853,인공지능,조환호,10854,인공지능,조환호,13
timetable,9979,환경유체역학,박성원,9981,환경화학,김철용,12
timetable,9981,환경화학,김철용,9982,환경에너지와미래,이도균,12
timetable,10042,공공인적자원관리론,이창길,10043,도시계획론,최승준,12
timetable,10042,공공인적자원관리론,이창길,10044,도시사회학이론,최혜민,12
timetable,10631,데이터프로그래밍,이장호,10643,정보보호개론,민병준,12
timetable,10634,자료구조,안재균,10635,Java언어,허혜선,12
timetable,10707,유체역학,박민범,10711,반응공학,노윤호,12
timetable,10710,공정설계및제어,김종우,10711,반응공학,노윤호,12
timetable,10711,반응공학,노윤호,10714,열전달,이재훈,12
timetable,10752,에너지재료공학개론,이미경,10753,전자재료공학개론,김다빈,12
timetable,10752,에너지재료공학개론,이미경,10755,현대물리학,이한보람,12
timetable,10875,전자기학(1),이우찬,10881,전기에너지와이노베이션,김학만,12
timetable,10939,공업열역학1,김상문,10943,기계재료,이태선,12
timetable,10943,기계재료,이태선,10945,전기전자공학개론,김태우,12
timetable,10958,기계진동,남동호,10961,유체역학(2),한민섭,12
timetable,11211,글로벌패션산업이해,이현정,11212,섬유소재이해,조윤경,12
timetable,11244,물리화학(1),이창민,11245,분석화학(1),김규원,12
timetable,11244,물리화학(1),이창민,11248,유기화학(1),김진호,12
timetable,11275,역학실험,한강희,11277,현대물리학(1),박승룡,12
timetable,11277,현대물리학(1),박승룡,11280,선형대수학,함남우,12
wishlist,10799,회로이론,박창주,10800,회로이론,김태훈,12
timetable,9832,생화학,이미수,9834,인체생리학,김재근,11
timetable,9978,공학수학,이준석,9979,환경유체역학,박성원,11
timetable,9978,공학수학,이준석,9981,환경화학,김철용,11
timetable,9978,공학수학,이준석,9982,환경에너지와미래,이도균,11
timetable,9979,환경유체역학,박성원,9982,환경에너지와미래,이도균,11
timetable,9980,환경통계및자료해석,이희관,9981,환경화학,김철용,11
timetable,10011,구조역학(1),이헌우,10013,철근콘크리트및설계1,이승정,11
timetable,10012,수문학,미배정,10013,철근콘크리트및설계1,이승정,11
timetable,10281,기초기능해부학,전경규,10282,웨이트트레이닝기초,김연휘,11
timetable,10477,데이터과학을위한계량경영학,박준성,10479,데이터애널리틱스,전용호,11
timetable,10499,MIS개론,김태훈,10510,마케팅원론,허승,11
timetable,10577,ICT공학수학,이종길,10583,회로이론,전현채,11
timetable,10631,데이터프로그래밍,이장호,10642,정보보호개론,민병준,11
timetable,10633,자료구조,안재균,10635,Java언어,허혜선,11
timetable,10635,Java언어,허혜선,10641,시뮬레이션 기초 및 실습,김지범,11
timetable,10685,설계공학,박상인,10686,자동제어,김우용,11
timetable,10707,유체역학,박민범,10708,화학공학양론,김종우,11
timetable,10752,에너지재료공학개론,이미경,10754,기초전기화학,명재하,11
timetable,10753,전자재료공학개론,김다빈,10754,기초전기화학,명재하,11
timetable,10753,전자재료공학개론,김다빈,10755,현대물리학,이한보람,11
timetable,10799,회로이론,박창주,10836,전자기학,서정현,11
timetable,10823,복소함수및벡터,구경헌,10838,프로그래밍언어,최욱,11
timetable,10824,스마트시스템입문,김영현,10830,디지털실험,이경순,11
timetable,10859,고체전자소자,김태훈,10861,제어공학,유세선,11
timetable,10868,공학수학(1),안덕주,10875,전자기학(1),이우찬,11
timetable,10892,에너지발생 및 운용,김용하,10894,전기응용,우정민,11
timetable,10933,공학수학 1,김영진,10936,고체역학1,박동삼,11
timetable,10939,공업열역학1,김상문,11882,대학영어회화1,"캘럼 맥코
트",11
timetable,10985,소비자와시장,박지우,10986,소비자의사결정,김종흠,11
timetable,11016,e-biz개론,유병국,11025,물류개론,안영효,11
timetable,11017,국제무역론,이윤,11025,물류개론,안영효,11
timetable,11033,국제무역보험론,김규진,11036,서비스마케팅론,이루리,11
timetable,11068,금융경제학,신현열,11071,화폐금융론,황상연,11
timetable,11130,자료목록법,황정의,11131,자료분류법,김혜경,11
timetable,11218,텍스타일염색과표현,조윤경,11219,패션드로잉과도식화,박은경,11
timetable,11275,역학실험,한강희,11276,일반역학(1),김병훈,11
timetable,11275,역학실험,한강희,11280,선형대수학,함남우,11
wishlist,10798,회로이론,박창주,10799,회로이론,박창주,11
wishlist,10798,회로이론,박창주,10800,회로이론,김태훈,11
wishlist,10835,전자기학,서정현,10836,전자기학,서정현,11
wishlist,10839,반도체소자,정은교,10840,반도체소자,정은교,11
timetable,9288,기업가정신,창업지원단,9300,대중매체속바이오테크놀로지,예정용,10
timetable,9300,대중매체속바이오테크놀로지,예정용,9374,영화로배우는독성학개론,예정용,10
timetable,9745,거시경제론,김부용,12119,대학영어회화1,Cruz Jr2Fidel,10
timetable,9832,생화학,이미수,9833,유기화학,봉지홍,10
timetable,9916,건축구조역학,박지훈,9917,건축시공,박경모,10
timetable,9979,환경유체역학,박성원,9980,환경통계및자료해석,이희관,10
timetable,10011,구조역학(1),이헌우,10012,수문학,미배정,10
timetable,10012,수문학,미배정,10015,토질실험,박정희,10
timetable,10012,수문학,미배정,10021,토질역학(2),우상인,10
timetable,10013,철근콘크리트및설계1,이승정,10021,토질역학(2),우상인,10
timetable,10282,웨이트트레이닝기초,김연휘,10286,스포츠사회학,임새미,10
timetable,10286,스포츠사회학,임새미,10287,운동생리학,이세원,10
timetable,10381,그래픽디자인,김시연,10387,모션일러스트레이션,한혜진,10
timetable,10465,중급회계(1),김광태,10467,회계원리연습,진덕수,10
timetable,10477,데이터과학을위한계량경영학,박준성,10478,데이터분석실습1,전용호,10
timetable,10499,MIS개론,김태훈,10500,경영과학,김서영,10
timetable,10584,리눅스기초및프로그래밍,김영필,10589,확률이론,조경훈,10
timetable,10631,데이터프로그래밍,이장호,10639,디지털공학,김우일,10
timetable,10631,데이터프로그래밍,이장호,11935,대학영어회화1,"브렌트 맥
납",10
timetable,10635,Java언어,허혜선,10642,정보보호개론,민병준,10
timetable,10638,디지털공학,김우일,10642,정보보호개론,민병준,10
timetable,10704,공학수학 1,윤정식,11883,대학영어회화1,"캘럼 맥코
트",10
timetable,10705,물리화학 1,권오중,11883,대학영어회화1,"캘럼 맥코
트",10
timetable,10706,유기화학 1,김진호,11883,대학영어회화1,"캘럼 맥코
트",10
timetable,10708,화학공학양론,김종우,11883,대학영어회화1,"캘럼 맥코
트",10
timetable,10735,인간공학,백동현,10736,재료역학,최재헌,10
timetable,10799,회로이론,박창주,10823,복소함수및벡터,구경헌,10
timetable,10799,회로이론,박창주,10824,스마트시스템입문,김영현,10
timetable,10810,대학수학(1),이혜경,10812,물리(1),김말진,10
timetable,10830,디지털실험,이경순,10836,전자기학,서정현,10
timetable,10839,반도체소자,정은교,10845,전자회로,유종근,10
timetable,10845,전자회로,유종근,10851,신호및시스템,변상원,10
timetable,10851,신호및시스템,변상원,10853,인공지능,조환호,10
timetable,10869,공학수학(1),안덕주,10875,전자기학(1),이우찬,10
timetable,10869,공학수학(1),안덕주,10877,회로이론(1),정영식,10
timetable,10877,회로이론(1),정영식,10881,전기에너지와이노베이션,김학만,10
timetable,10888,전기물성론,김준동,10892,에너지발생 및 운용,김용하,10
timetable,10891,신호및시스템,이명훈,10892,에너지발생 및 운용,김용하,10
timetable,10933,공학수학 1,김영진,10940,공업열역학1,김상문,10
timetable,10933,공학수학 1,김영진,11882,대학영어회화1,"캘럼 맥코
트",10
timetable,10936,고체역학1,박동삼,10939,공업열역학1,김상문,10
timetable,10936,고체역학1,박동삼,10945,전기전자공학개론,김태우,10
timetable,10945,전기전자공학개론,김태우,11882,대학영어회화1,"캘럼 맥코
트",10
timetable,10966,MEMS개론,김경태,10977,로봇공학,김영진,10
timetable,10985,소비자와시장,박지우,10987,고객서비스,이명현,10
timetable,10994,행동재무학,조혜진,10995,가계재무상담,곽민주,10
timetable,10995,가계재무상담,곽민주,10998,신용관리론,곽민주,10
timetable,11030,국제거래규범,김규진,11033,국제무역보험론,김규진,10
timetable,11058,경제사,양준호,11059,미시경제학,오태희,10
timetable,11128,기록과사회,신정엽,11129,문헌정보학개론,황정의,10
timetable,11215,서양복식사,장인우,11218,텍스타일염색과표현,조윤경,10
timetable,11217,비즈니스데이터분석기초,권기용,11219,패션드로잉과도식화,박은경,10
timetable,11245,분석화학(1),김규원,11247,분석화학실험,권태현,10
timetable,11249,무기화학(1),김강우,11256,화학논문연구 I,임태은,10
timetable,11277,현대물리학(1),박승룡,11281,수리물리학(1),엇후 도르츠,10
timetable,11308,미분기하학(1),유성민,11309,복소함수론1,김인현,10
wishlist,9155,MBTI로찾아가는나의책,박상원,9206,영화속바이러스의이해,예정용,10
wishlist,10650,운영체제,박문주,10651,운영체제,한재현,10
wishlist,10823,복소함수및벡터,구경헌,10836,전자기학,서정현,10
wishlist,10824,스마트시스템입문,김영현,10827,스마트시스템입문,김영현,10
wishlist,10842,전자회로,유종근,10845,전자회로,유종근,10
wishlist,10851,신호및시스템,변상원,10852,신호및시스템,변상원,10
wishlist,10851,신호및시스템,변상원,10854,인공지능,조환호,10
wishlist,10852,신호및시스템,변상원,10853,인공지능,조환호,10
timetable,9207,영화속으로들어간클래식음악,김상림,9300,대중매체속바이오테크놀로지,예정용,9
timetable,9300,대중매체속바이오테크놀로지,예정용,9376,예술과친구하기,이계원,9
timetable,9746,국제무역론,한도숙,12119,대학영어회화1,Cruz Jr2Fidel,9
timetable,9787,세포생물학,이승호,9788,뇌공학,양성구,9
timetable,9794,물리화학,양기석,12083,대학영어회화1,유원,9
timetable,9795,유기화학(1),박경민,12083,대학영어회화1,유원,9
timetable,9833,유기화학,봉지홍,9834,인체생리학,김재근,9
timetable,9870,생물학기초(1),박준태,9880,화학,권태현,9
timetable,9974,기초화학및실험1,임지영,9975,대학수학(1),손홍민,9
timetable,9974,기초화학및실험1,임지영,9977,환경과도시,이준석,9
timetable,9978,공학수학,이준석,9980,환경통계및자료해석,이희관,9
timetable,9980,환경통계및자료해석,이희관,9982,환경에너지와미래,이도균,9
timetable,10006,정역학및연습,이헌우,10010,수리학(1),미배정,9
timetable,10011,구조역학(1),이헌우,10021,토질역학(2),우상인,9
timetable,10013,철근콘크리트및설계1,이승정,10015,토질실험,박정희,9
timetable,10015,토질실험,박정희,10021,토질역학(2),우상인,9
timetable,10281,기초기능해부학,전경규,10288,운동생리학,이세원,9
timetable,10284,웨이트트레이닝기초,정국현,10286,스포츠사회학,임새미,9
timetable,10297,Sport Management,홍진배,10299,트레이닝방법론,변경호,9
timetable,10462,소득세법,정유석,10467,회계원리연습,진덕수,9
timetable,10464,원가회계,최평국,10466,중급회계(1),김광태,9
timetable,10499,MIS개론,김태훈,10505,마케팅원론,허승,9
timetable,10555,운영체제,강석훈,10556,임베디드구조,김현범,9
timetable,10556,임베디드구조,김현범,10559,딥러닝알고리즘,강우철,9
timetable,10577,ICT공학수학,이종길,10579,데이터베이스,우요섭,9
timetable,10583,회로이론,전현채,10589,확률이론,조경훈,9
timetable,10591,통신공학이론,이병주,10598,선형대수론,노송,9
timetable,10591,통신공학이론,이병주,10599,운영체제,김영필,9
timetable,10594,데이터통신,이기영,10598,선형대수론,노송,9
timetable,10631,데이터프로그래밍,이장호,10640,시뮬레이션 기초 및 실습,김지범,9
timetable,10631,데이터프로그래밍,이장호,11939,대학영어회화1,"캘럼 맥코
트",9
timetable,10635,Java언어,허혜선,10640,시뮬레이션 기초 및 실습,김지범,9
timetable,10644,기계학습,이상엽,10646,데이터베이스,박기석,9
timetable,10644,기계학습,이상엽,10651,운영체제,한재현,9
timetable,10644,기계학습,이상엽,10654,데이터통신,최승식,9
timetable,10651,운영체제,한재현,10654,데이터통신,최승식,9
timetable,10685,설계공학,박상인,10693,확률및통계,우현명,9
timetable,10686,자동제어,김우용,10693,확률및통계,우현명,9
timetable,10704,공학수학 1,윤정식,10707,유체역학,박민범,9
timetable,10705,물리화학 1,권오중,10707,유체역학,박민범,9
timetable,10706,유기화학 1,김진호,10707,유체역학,박민범,9
timetable,10711,반응공학,노윤호,10715,고분자공학,박영돈,9
timetable,10734,안전관리론,송창근,10735,인간공학,백동현,9
timetable,10734,안전관리론,송창근,10736,재료역학,최재헌,9
timetable,10735,인간공학,백동현,10737,열역학,이민철,9
timetable,10736,재료역학,최재헌,10737,열역학,이민철,9
timetable,10775,인간공학,최서빈,10778,확정적경영과학,이종헌,9
timetable,10781,제품개발프로세스,박기정,10783,품질공학,정영배,9
timetable,10836,전자기학,서정현,10838,프로그래밍언어,최욱,9
timetable,10839,반도체소자,정은교,10853,인공지능,조환호,9
timetable,10857,캡스턴디자인1,홍연찬,10861,제어공학,유세선,9
timetable,10888,전기물성론,김준동,10889,전력전자공학,최현규,9
timetable,10889,전력전자공학,최현규,10894,전기응용,우정민,9
timetable,10891,신호및시스템,이명훈,10894,전기응용,우정민,9
timetable,10933,공학수학 1,김영진,10937,고체역학1,박형범,9
timetable,10943,기계재료,이태선,11882,대학영어회화1,"캘럼 맥코
트",9
timetable,10986,소비자의사결정,김종흠,10987,고객서비스,이명현,9
timetable,11015,e-biz개론,황낙건,11018,국제무역론,이윤,9
timetable,11016,e-biz개론,유병국,11017,국제무역론,이윤,9
timetable,11023,물류개론,안영효,11027,국제통상론,고보민,9
timetable,11070,농업과푸드시스템의경제학,이명헌,11071,화폐금융론,황상연,9
timetable,11215,서양복식사,장인우,11217,비즈니스데이터분석기초,권기용,9
timetable,11244,물리화학(1),이창민,11247,분석화학실험,권태현,9
timetable,11247,분석화학실험,권태현,11248,유기화학(1),김진호,9
timetable,11275,역학실험,한강희,11281,수리물리학(1),엇후 도르츠,9
timetable,11276,일반역학(1),김병훈,11278,물리연구소개,박영미,9
timetable,11280,선형대수학,함남우,11281,수리물리학(1),엇후 도르츠,9
timetable,11284,양자역학(1),이기훈,11285,전자기학(2),박영미,9
timetable,11304,해석학(1),문병수,11307,미분방정식,문병수,9
timetable,11305,현대대수학,장일승,11307,미분방정식,문병수,9
timetable,11346,아카데믹일본어1,신은진,11349,실천일본어회화(1),나카무라유리,9
timetable,11347,일본근현대사,박진한,11349,실천일본어회화(1),나카무라유리,9
wishlist,9198,심리학의이해,박준성,9199,심리학의이해,서신화,9
wishlist,9199,심리학의이해,서신화,9201,심리학의이해,서신화,9
wishlist,9300,대중매체속바이오테크놀로지,예정용,9374,영화로배우는독성학개론,예정용,9
wishlist,10821,복소함수및벡터,구경헌,10836,전자기학,서정현,9
wishlist,10823,복소함수및벡터,구경헌,10824,스마트시스템입문,김영현,9
wishlist,10824,스마트시스템입문,김영현,10836,전자기학,서정현,9
wishlist,10842,전자회로,유종근,10852,신호및시스템,변상원,9
wishlist,10852,신호및시스템,변상원,10854,인공지능,조환호,9
wishlist,10857,캡스턴디자인1,홍연찬,10858,캡스턴디자인1,홍연찬,9
timetable,9113,직업기초능력1,이원철,9114,직업기초능력2,미배정,8
timetable,9258,K컬처와한국사상,교육혁신본부,12150,마음을읽어주는미술치료,OCU,8
timetable,9745,거시경제론,김부용,9750,미시데이터분석,김지영,8
timetable,9796,미생물공학,이동택,12083,대학영어회화1,유원,8
timetable,9798,식품공학개론,서명지,12083,대학영어회화1,유원,8
timetable,9809,대학수학(1),김기태,9821,일반화학실험(1),방지원,8
timetable,9854,동물분류및형태학,배양섭,9855,동물분류생태실험,김길원,8
timetable,9854,동물분류및형태학,배양섭,9856,분자생물학,최재혁,8
timetable,9855,동물분류생태실험,김길원,9856,분자생물학,최재혁,8
timetable,9856,분자생물학,최재혁,9857,분자생물학실험,최재혁,8
timetable,9880,화학,권태현,9881,화학실험,강동구,8
timetable,9914,공학수학,최원,9915,물리(2),김완선,8
timetable,9914,공학수학,최원,9916,건축구조역학,박지훈,8
timetable,9914,공학수학,최원,9917,건축시공,박경모,8
timetable,9915,물리(2),김완선,9916,건축구조역학,박지훈,8
timetable,9915,물리(2),김완선,9917,건축시공,박경모,8
timetable,9974,기초화학및실험1,임지영,9976,선형대수학,남궁정일,8
timetable,9975,대학수학(1),손홍민,9976,선형대수학,남궁정일,8
timetable,9975,대학수학(1),손홍민,9977,환경과도시,이준석,8
timetable,9976,선형대수학,남궁정일,9977,환경과도시,이준석,8
timetable,10006,정역학및연습,이헌우,10007,측량학(1),최병길,8
timetable,10011,구조역학(1),이헌우,10015,토질실험,박정희,8
timetable,10040,도시데이터마이닝,양욱재,10041,도시행정학,미배정,8
timetable,10281,기초기능해부학,전경규,10285,스포츠사회학,임새미,8
timetable,10281,기초기능해부학,전경규,12009,대학영어회화1,유원,8
timetable,10381,그래픽디자인,김시연,10385,레이아웃디자인,전혜연,8
timetable,10463,소득세법,정유석,10464,원가회계,최평국,8
timetable,10463,소득세법,정유석,10466,중급회계(1),김광태,8
timetable,10555,운영체제,강석훈,10559,딥러닝알고리즘,강우철,8
timetable,10564,대학수학(1),전현채,10566,프로그래밍(1),김도엽,8
timetable,10579,데이터베이스,우요섭,10589,확률이론,조경훈,8
timetable,10594,데이터통신,이기영,10599,운영체제,김영필,8
timetable,10633,자료구조,안재균,10638,디지털공학,김우일,8
timetable,10633,자료구조,안재균,10639,디지털공학,김우일,8
timetable,10633,자료구조,안재균,10642,정보보호개론,민병준,8
timetable,10634,자료구조,안재균,10641,시뮬레이션 기초 및 실습,김지범,8
timetable,10635,Java언어,허혜선,10643,정보보호개론,민병준,8
timetable,10635,Java언어,허혜선,11935,대학영어회화1,"브렌트 맥
납",8
timetable,10638,디지털공학,김우일,11935,대학영어회화1,"브렌트 맥
납",8
timetable,10641,시뮬레이션 기초 및 실습,김지범,11935,대학영어회화1,"브렌트 맥
납",8
timetable,10646,데이터베이스,박기석,10651,운영체제,한재현,8
timetable,10666,네트워크보안,이승수,10670,클라우드컴퓨팅,이승수,8
timetable,10707,유체역학,박민범,10710,공정설계및제어,김종우,8
timetable,10710,공정설계및제어,김종우,10714,열전달,이재훈,8
timetable,10711,반응공학,노윤호,10716,기기분석 2,박영돈,8
timetable,10734,안전관리론,송창근,10737,열역학,이민철,8
timetable,10734,안전관리론,송창근,10739,토질역학,오태근,8
timetable,10812,물리(1),김말진,10816,선형대수학,변윤식,8
timetable,10812,물리(1),김말진,10819,소프트웨어입문,김교선,8
timetable,10812,물리(1),김말진,11523,Academic English,김연정,8
timetable,10839,반도체소자,정은교,10851,신호및시스템,변상원,8
timetable,10840,반도체소자,정은교,10849,전자회로실험,이병진,8
timetable,10845,전자회로,유종근,10853,인공지능,조환호,8
timetable,10868,공학수학(1),안덕주,10877,회로이론(1),정영식,8
timetable,10868,공학수학(1),안덕주,10881,전기에너지와이노베이션,김학만,8
timetable,10870,전기.전자기초실험,김준석,10875,전자기학(1),이우찬,8
timetable,10883,전기실험(2),윤주형,10892,에너지발생 및 운용,김용하,8
timetable,10891,신호및시스템,이명훈,10893,인공지능개론,이명훈,8
timetable,10892,에너지발생 및 운용,김용하,10893,인공지능개론,이명훈,8
timetable,10956,기계공작법,구상모,10961,유체역학(2),한민섭,8
timetable,11021,금융경제학,김준식,11025,물류개론,안영효,8
timetable,11022,금융경제학,김준식,11023,물류개론,안영효,8
timetable,11056,경제통계기초,김선진,11058,경제사,양준호,8
timetable,11058,경제사,양준호,11859,대학영어회화1,"캘럼 맥코
트",8
timetable,11059,미시경제학,오태희,11063,수리경제학,이장연,8
timetable,11075,국제정치의이해,이효원,11076,자기설계세미나 I,정영우,8
timetable,11097,공공정책의이해,김국진,11099,경찰학,장승수,8
timetable,11130,자료목록법,황정의,11133,정보검색,장수현,8
timetable,11131,자료분류법,김혜경,11133,정보검색,장수현,8
timetable,11216,2D패턴디자인,미배정,11218,텍스타일염색과표현,조윤경,8
timetable,11276,일반역학(1),김병훈,11281,수리물리학(1),엇후 도르츠,8
timetable,11277,현대물리학(1),박승룡,11278,물리연구소개,박영미,8
timetable,11278,물리연구소개,박영미,11280,선형대수학,함남우,8
timetable,11305,현대대수학,장일승,11306,매듭론,배영진,8
timetable,11317,현대중국개론,권기영,11320,기초중국어1,최윤경,8
timetable,11414,한국의언어,채숙희,11416,현대문학사1,강용훈,8
wishlist,9155,MBTI로찾아가는나의책,박상원,9300,대중매체속바이오테크놀로지,예정용,8
wishlist,9198,심리학의이해,박준성,9200,심리학의이해,박준성,8
wishlist,9207,영화속으로들어간클래식음악,김상림,9300,대중매체속바이오테크놀로지,예정용,8
wishlist,9207,영화속으로들어간클래식음악,김상림,9376,예술과친구하기,이계원,8
wishlist,9686,국제거래법,장석영,9688,국제투자법,장석영,8
wishlist,10486,경영학원론,박현준,10489,경영학원론,박현준,8
wishlist,10500,경영과학,김서영,10501,경영과학,김서영,8
wishlist,10649,운영체제,미배정,10650,운영체제,박문주,8
wishlist,10649,운영체제,미배정,10651,운영체제,한재현,8
wishlist,10799,회로이론,박창주,10836,전자기학,서정현,8
wishlist,10800,회로이론,김태훈,10836,전자기학,서정현,8
wishlist,10821,복소함수및벡터,구경헌,10822,복소함수및벡터,구경헌,8
wishlist,10821,복소함수및벡터,구경헌,10823,복소함수및벡터,구경헌,8
wishlist,10822,복소함수및벡터,구경헌,10823,복소함수및벡터,구경헌,8
wishlist,10822,복소함수및벡터,구경헌,10835,전자기학,서정현,8
wishlist,10823,복소함수및벡터,구경헌,10835,전자기학,서정현,8
wishlist,10824,스마트시스템입문,김영현,10826,스마트시스템입문,조정완,8
wishlist,10824,스마트시스템입문,김영현,10835,전자기학,서정현,8
wishlist,10825,스마트시스템입문,조정완,10826,스마트시스템입문,조정완,8
wishlist,10827,스마트시스템입문,김영현,10835,전자기학,서정현,8
wishlist,10827,스마트시스템입문,김영현,10836,전자기학,서정현,8
wishlist,10829,디지털실험,김영현,10836,전자기학,서정현,8
wishlist,10839,반도체소자,정은교,10845,전자회로,유종근,8
wishlist,10839,반도체소자,정은교,10853,인공지능,조환호,8
wishlist,10839,반도체소자,정은교,10854,인공지능,조환호,8
wishlist,10840,반도체소자,정은교,10842,전자회로,유종근,8
wishlist,10840,반도체소자,정은교,10853,인공지능,조환호,8
wishlist,10840,반도체소자,정은교,10854,인공지능,조환호,8
wishlist,10845,전자회로,유종근,10852,신호및시스템,변상원,8
wishlist,10851,신호및시스템,변상원,10853,인공지능,조환호,8
wishlist,11017,국제무역론,이윤,11018,국제무역론,이윤,8
timetable,9123,교육심리,안동근,10185,국어문법론,김윤신,7
timetable,9123,교육심리,안동근,10186,문학교육론,박주형,7
timetable,9288,기업가정신,창업지원단,9327,배움특강,학생취업처,7
timetable,9684,민사소송법(1),김호,9688,국제투자법,장석영,7
timetable,9685,형사소송법,정배근,9688,국제투자법,장석영,7
timetable,9746,국제무역론,한도숙,9750,미시데이터분석,김지영,7
timetable,9809,대학수학(1),김기태,9816,일반생물학실험(1),장성호,7
timetable,9811,일반물리학,미배정,9816,일반생물학실험(1),장성호,7
timetable,9812,일반생물학(1),김준섭,9821,일반화학실험(1),방지원,7
timetable,9816,일반생물학실험(1),장성호,9821,일반화학실험(1),방지원,7
timetable,9831,미생물및생화학실험,봉지홍,9832,생화학,이미수,7
timetable,9831,미생물및생화학실험,봉지홍,9833,유기화학,봉지홍,7
timetable,9831,미생물및생화학실험,봉지홍,9834,인체생리학,김재근,7
timetable,9854,동물분류및형태학,배양섭,9857,분자생물학실험,최재혁,7
timetable,9855,동물분류생태실험,김길원,9857,분자생물학실험,최재혁,7
timetable,9914,공학수학,최원,9918,건축환경(1),이동석,7
timetable,9915,물리(2),김완선,9918,건축환경(1),이동석,7
timetable,9916,건축구조역학,박지훈,9918,건축환경(1),이동석,7
timetable,9917,건축시공,박경모,9918,건축환경(1),이동석,7
timetable,9932,대학수학(1),이혜경,11719,AI시대의글쓰기이론과실제,박상원,7
timetable,9958,기초정역학,김영찬,9959,도시토지이용계획,엄현주,7
timetable,10007,측량학(1),최병길,10010,수리학(1),미배정,7
timetable,10011,구조역학(1),이헌우,10017,건설경제성공학,미배정,7
timetable,10139,수학교과교육론,왕효원,10140,해석학,윤영훈,7
timetable,10139,수학교과교육론,왕효원,10142,조합및그래프이론,하구용,7
timetable,10139,수학교과교육론,왕효원,10143,집합론,장규환,7
timetable,10140,해석학,윤영훈,10142,조합및그래프이론,하구용,7
timetable,10140,해석학,윤영훈,10143,집합론,장규환,7
timetable,10142,조합및그래프이론,하구용,10143,집합론,장규환,7
timetable,10185,국어문법론,김윤신,10186,문학교육론,박주형,7
timetable,10281,기초기능해부학,전경규,10289,New sports1,우희준,7
timetable,10281,기초기능해부학,전경규,10290,농구,미배정,7
timetable,10282,웨이트트레이닝기초,김연휘,10288,운동생리학,이세원,7
timetable,10286,스포츠사회학,임새미,12006,대학영어회화1,캘럼 맥코,7
timetable,10288,운동생리학,이세원,12006,대학영어회화1,캘럼 맥코,7
timetable,10380,GUI디자인,이운형,10381,그래픽디자인,김시연,7
timetable,10380,GUI디자인,이운형,10386,레이아웃디자인,전혜연,7
timetable,10380,GUI디자인,이운형,10387,모션일러스트레이션,한혜진,7
timetable,10457,경영학원론,박현준,10459,회계원리(1),유영태,7
timetable,10457,경영학원론,박현준,10461,세법총론,전흥재,7
timetable,10459,회계원리(1),유영태,10461,세법총론,전흥재,7
timetable,10575,ICT공학수학,김경원,10579,데이터베이스,우요섭,7
timetable,10621,이산수학,김지범,10625,프로그래밍입문,채진석,7
timetable,10634,자료구조,안재균,11935,대학영어회화1,"브렌트 맥
납",7
timetable,10641,시뮬레이션 기초 및 실습,김지범,10642,정보보호개론,민병준,7
timetable,10644,기계학습,이상엽,10652,데이터마이닝,이장호,7
timetable,10646,데이터베이스,박기석,10654,데이터통신,최승식,7
timetable,10652,데이터마이닝,이장호,10654,데이터통신,최승식,7
timetable,10655,사이버공격및방어,이승수,10670,클라우드컴퓨팅,이승수,7
timetable,10673,대학수학(1),우현명,10674,화학생물,이탁기,7
timetable,10673,대학수학(1),우현명,10677,자기설계세미나,박상인,7
timetable,10673,대학수학(1),우현명,10678,정역학,박상인,7
timetable,10674,화학생물,이탁기,10677,자기설계세미나,박상인,7
timetable,10674,화학생물,이탁기,10678,정역학,박상인,7
timetable,10677,자기설계세미나,박상인,10678,정역학,박상인,7
timetable,10679,전기회로실험,우현명,10681,공업수학(2),윤종윤,7
timetable,10679,전기회로실험,우현명,10682,재료역학,한유성,7
timetable,10679,전기회로실험,우현명,10683,전기회로,조영욱,7
timetable,10707,유체역학,박민범,10714,열전달,이재훈,7
timetable,10707,유체역학,박민범,11883,대학영어회화1,"캘럼 맥코
트",7
timetable,10709,화학공학입문,노윤호,11883,대학영어회화1,"캘럼 맥코
트",7
timetable,10711,반응공학,노윤호,10713,에너지화공기초실험,노윤호,7
timetable,10711,반응공학,노윤호,10717,화공수치해석개론,김종우,7
timetable,10714,열전달,이재훈,10716,기기분석 2,박영돈,7
timetable,10715,고분자공학,박영돈,10716,기기분석 2,박영돈,7
timetable,10735,인간공학,백동현,10739,토질역학,오태근,7
timetable,10736,재료역학,최재헌,10739,토질역학,오태근,7
timetable,10737,열역학,이민철,10739,토질역학,오태근,7
timetable,10757,재료의전기적성질,박재윤,10758,재료컴퓨터해석,장태후,7
timetable,10761,재료물리화학(2),장태후,10762,재료전자기학,장태후,7
timetable,10774,확률및통계(1),류도현,11920,대학영어회화1,"캘럼 맥코
트",7
timetable,10775,인간공학,최서빈,10779,데이터베이스,이세린,7
timetable,10776,인간공학,최서빈,10777,확정적경영과학,이종헌,7
timetable,10783,품질공학,정영배,10784,금융공학개론,정지혁,7
timetable,10783,품질공학,정영배,10785,데이터마이닝,류도현,7
timetable,10799,회로이론,박창주,10838,프로그래밍언어,최욱,7
timetable,10804,통신이론,윤석현,10840,반도체소자,정은교,7
timetable,10810,대학수학(1),이혜경,11523,Academic English,김연정,7
timetable,10823,복소함수및벡터,구경헌,10830,디지털실험,이경순,7
timetable,10824,스마트시스템입문,김영현,10829,디지털실험,김영현,7
timetable,10840,반도체소자,정은교,10844,전자회로,유종근,7
timetable,10840,반도체소자,정은교,10852,신호및시스템,변상원,7
timetable,10870,전기.전자기초실험,김준석,10877,회로이론(1),정영식,7
timetable,10873,전기.전자기초실험,김용하,10877,회로이론(1),정영식,7
timetable,10875,전자기학(1),이우찬,10876,회로이론(1),정영식,7
timetable,10877,회로이론(1),정영식,10878,기초반도체공학,MORE VIVEK MOHAN,7
timetable,10883,전기실험(2),윤주형,10889,전력전자공학,최현규,7
timetable,10886,전기기기(1),강동우,10892,에너지발생 및 운용,김용하,7
timetable,10887,전기기기(1),허진,10889,전력전자공학,최현규,7
timetable,10887,전기기기(1),허진,10892,에너지발생 및 운용,김용하,7
timetable,10887,전기기기(1),허진,10894,전기응용,우정민,7
timetable,10888,전기물성론,김준동,10891,신호및시스템,이명훈,7
timetable,10888,전기물성론,김준동,10894,전기응용,우정민,7
timetable,10889,전력전자공학,최현규,10891,신호및시스템,이명훈,7
timetable,10948,수치해석,김백진,10958,기계진동,남동호,7
timetable,10950,수치해석,한민섭,10958,기계진동,남동호,7
timetable,10953,응용기계수학1,신성수,10958,기계진동,남동호,7
timetable,10954,기계공작법,이태선,10958,기계진동,남동호,7
timetable,10988,가계재무설계,성영애,10990,소비자정량조사,최한솔,7
timetable,10994,행동재무학,조혜진,10998,신용관리론,곽민주,7
timetable,11017,국제무역론,이윤,11021,금융경제학,김준식,7
timetable,11017,국제무역론,이윤,11878,대학영어회화1,매튜,7
timetable,11024,물류개론,안영효,11027,국제통상론,고보민,7
timetable,11027,국제통상론,고보민,11029,MICE개론,정진영,7
timetable,11029,MICE개론,정진영,11033,국제무역보험론,김규진,7
timetable,11055,경제통계기초,김선진,11058,경제사,양준호,7
timetable,11055,경제통계기초,김선진,11059,미시경제학,오태희,7
timetable,11064,시사경제1,황선길,11071,화폐금융론,황상연,7
timetable,11066,공정경쟁과산업분석,이기환,11071,화폐금융론,황상연,7
timetable,11075,국제정치의이해,이효원,11077,정치학의이해,우병득,7
timetable,11076,자기설계세미나 I,정영우,11077,정치학의이해,우병득,7
timetable,11092,인사행정론,김동원,11093,행정조직론,타오,7
timetable,11216,2D패턴디자인,미배정,11217,비즈니스데이터분석기초,권기용,7
timetable,11251,물리화학실험,이창민,11256,화학논문연구 I,임태은,7
timetable,11275,역학실험,한강희,11278,물리연구소개,박영미,7
timetable,11316,자기설계세미나 I,조봉래,11317,현대중국개론,권기영,7
timetable,11317,현대중국개론,권기영,11319,중국사개론,이용운,7
timetable,11346,아카데믹일본어1,신은진,11350,일본의지역지리,다무라 후미노리,7
timetable,11347,일본근현대사,박진한,11350,일본의지역지리,다무라 후미노리,7
timetable,11469,영어회화(3),알라나 커밍스,11470,영작문(2),알라나 커밍스,7
timetable,11472,영어학입문,김정태,11476,영어와심리,윤소연,7
timetable,11472,영어학입문,김정태,12115,대학영어회화1,브렌트 맥,7
wishlist,9045,(HUSS국립부경대)과거사청산과포용의문화,미배정,9047,(HUSS서강대)인물로본포용사회의역사,미배정,7
wishlist,9045,(HUSS국립부경대)과거사청산과포용의문화,미배정,9048,(HUSS서강대)포용사회주제세미나,미배정,7
wishlist,9047,(HUSS서강대)인물로본포용사회의역사,미배정,9048,(HUSS서강대)포용사회주제세미나,미배정,7
wishlist,9199,심리학의이해,서신화,9200,심리학의이해,박준성,7
wishlist,9199,심리학의이해,서신화,9206,영화속바이러스의이해,예정용,7
wishlist,9199,심리학의이해,서신화,9300,대중매체속바이오테크놀로지,예정용,7
wishlist,9200,심리학의이해,박준성,9207,영화속으로들어간클래식음악,김상림,7
wishlist,9201,심리학의이해,서신화,9202,심리학의이해,서신화,7
wishlist,9206,영화속바이러스의이해,예정용,9276,결혼과가족,류민영,7
wishlist,9206,영화속바이러스의이해,예정용,9300,대중매체속바이오테크놀로지,예정용,7
wishlist,9207,영화속으로들어간클래식음악,김상림,9288,기업가정신,창업지원단,7
wishlist,9207,영화속으로들어간클래식음악,김상림,9374,영화로배우는독성학개론,예정용,7
wishlist,9288,기업가정신,창업지원단,9300,대중매체속바이오테크놀로지,예정용,7
wishlist,9300,대중매체속바이오테크놀로지,예정용,9376,예술과친구하기,이계원,7
wishlist,9355,스토리텔링뮤직,김규,9356,스토리텔링뮤직,김규,7
wishlist,9375,영화예술과문화생활,박근수,9376,예술과친구하기,이계원,7
wishlist,9684,민사소송법(1),김호,9685,형사소송법,정배근,7
wishlist,9684,민사소송법(1),김호,9686,국제거래법,장석영,7
wishlist,10382,그래픽디자인,김시연,10385,레이아웃디자인,전혜연,7
wishlist,10644,기계학습,이상엽,10650,운영체제,박문주,7
wishlist,10644,기계학습,이상엽,10651,운영체제,한재현,7
wishlist,10773,확률및통계(1),류도현,10775,인간공학,최서빈,7
wishlist,10799,회로이론,박창주,10835,전자기학,서정현,7
wishlist,10800,회로이론,김태훈,10823,복소함수및벡터,구경헌,7
wishlist,10800,회로이론,김태훈,10824,스마트시스템입문,김영현,7
wishlist,10800,회로이론,김태훈,10835,전자기학,서정현,7
wishlist,10816,선형대수학,변윤식,10817,선형대수학,변윤식,7
wishlist,10821,복소함수및벡터,구경헌,10835,전자기학,서정현,7
wishlist,10822,복소함수및벡터,구경헌,10824,스마트시스템입문,김영현,7
wishlist,10822,복소함수및벡터,구경헌,10836,전자기학,서정현,7
wishlist,10823,복소함수및벡터,구경헌,10829,디지털실험,김영현,7
wishlist,10824,스마트시스템입문,김영현,10825,스마트시스템입문,조정완,7
wishlist,10824,스마트시스템입문,김영현,10829,디지털실험,김영현,7
wishlist,10824,스마트시스템입문,김영현,10837,프로그래밍언어,최욱,7
wishlist,10825,스마트시스템입문,조정완,10827,스마트시스템입문,김영현,7
wishlist,10826,스마트시스템입문,조정완,10827,스마트시스템입문,김영현,7
wishlist,10826,스마트시스템입문,조정완,10835,전자기학,서정현,7
wishlist,10830,디지털실험,이경순,10836,전자기학,서정현,7
wishlist,10834,전자기학,전석희,10835,전자기학,서정현,7
wishlist,10839,반도체소자,정은교,10842,전자회로,유종근,7
wishlist,10839,반도체소자,정은교,10846,전자회로실험,이병진,7
wishlist,10839,반도체소자,정은교,10849,전자회로실험,이병진,7
wishlist,10839,반도체소자,정은교,10851,신호및시스템,변상원,7
wishlist,10839,반도체소자,정은교,10852,신호및시스템,변상원,7
wishlist,10840,반도체소자,정은교,10845,전자회로,유종근,7
wishlist,10840,반도체소자,정은교,10852,신호및시스템,변상원,7
wishlist,10842,전자회로,유종근,10843,전자회로,유종근,7
wishlist,10842,전자회로,유종근,10853,인공지능,조환호,7
wishlist,10843,전자회로,유종근,10844,전자회로,유종근,7
wishlist,10843,전자회로,유종근,10852,신호및시스템,변상원,7
wishlist,10845,전자회로,유종근,10846,전자회로실험,이병진,7
wishlist,10845,전자회로,유종근,10851,신호및시스템,변상원,7
wishlist,10845,전자회로,유종근,10854,인공지능,조환호,7
wishlist,10846,전자회로실험,이병진,10849,전자회로실험,이병진,7
wishlist,10846,전자회로실험,이병진,10854,인공지능,조환호,7
wishlist,10857,캡스턴디자인1,홍연찬,10861,제어공학,유세선,7
wishlist,10861,제어공학,유세선,10862,제어공학,유세선,7
wishlist,10869,공학수학(1),안덕주,10877,회로이론(1),정영식,7
wishlist,10877,회로이론(1),정영식,10881,전기에너지와이노베이션,김학만,7
wishlist,11017,국제무역론,이윤,11019,국제무역론,이윤,7
wishlist,11017,국제무역론,이윤,11025,물류개론,안영효,7
wishlist,11018,국제무역론,이윤,11019,국제무역론,이윤,7
timetable,9063,(HUSS)스포츠로배우는포용,윤기준,10315,스포츠지도실습,윤기준,6
timetable,9207,영화속으로들어간클래식음악,김상림,9288,기업가정신,창업지원단,6
timetable,9284,교과서에서만나지못한조선의역사,교육혁신본부,9288,기업가정신,창업지원단,6
timetable,9300,대중매체속바이오테크놀로지,예정용,9325,미생물학입문,교육혁신본부,6
timetable,9300,대중매체속바이오테크놀로지,예정용,9327,배움특강,학생취업처,6
timetable,9679,헌법(2),김영진,9682,형법각론,정배근,6
timetable,9681,형법각론,정배근,9684,민사소송법(1),김호,6
timetable,9681,형법각론,정배근,9685,형사소송법,정배근,6
timetable,9688,국제투자법,장석영,9693,국제기구법,장석영,6
timetable,9745,거시경제론,김부용,9753,일본경제론,김종인,6
timetable,9746,국제무역론,한도숙,9753,일본경제론,김종인,6
timetable,9787,세포생물학,이승호,9789,바이오 센서 공학,한상길,6
timetable,9788,뇌공학,양성구,9789,바이오 센서 공학,한상길,6
timetable,9791,종합설계및세미나1,송영준,9793,인체생리학,양성구,6
timetable,9799,분자생물학,장성호,9800,생명공학세미나 1,이동택,6
timetable,9799,분자생물학,장성호,9801,생명공학실험 2,미배정,6
timetable,9799,분자생물학,장성호,9804,의학공학,박경민,6
timetable,9800,생명공학세미나 1,이동택,9801,생명공학실험 2,미배정,6
timetable,9806,생명공학캡스톤디자인,장성호,9807,생체재료 및 조직공학,양기석,6
timetable,9809,대학수학(1),김기태,9811,일반물리학,미배정,6
timetable,9809,대학수학(1),김기태,9812,일반생물학(1),김준섭,6
timetable,9809,대학수학(1),김기태,9818,일반화학(1),그레고리 아이작 피터슨,6
timetable,9810,일반물리학,미배정,9819,일반화학(1),그레고리 아이작 피터슨,6
timetable,9810,일반물리학,미배정,9821,일반화학실험(1),방지원,6
timetable,9811,일반물리학,미배정,9821,일반화학실험(1),방지원,6
timetable,9818,일반화학(1),그레고리 아이작 피터슨,9821,일반화학실험(1),방지원,6
timetable,9834,인체생리학,김재근,9835,미생물학,예정용,6
timetable,9866,대학수학(1),김기태,9880,화학,권태현,6
timetable,9868,물리학,유상구,9880,화학,권태현,6
timetable,9928,건축경제,구충완,9930,친환경건축설비,장현숙,6
timetable,9957,도시공간정보기초,강준오,9958,기초정역학,김영찬,6
timetable,9957,도시공간정보기초,강준오,9959,도시토지이용계획,엄현주,6
timetable,9999,일반물리(1),김영찬,10001,지구시스템과학,강정구,6
timetable,10001,지구시스템과학,강정구,10003,건설환경공학개론,박정희,6
timetable,10004,확률및통계,김경희,10006,정역학및연습,이헌우,6
timetable,10004,확률및통계,김경희,10010,수리학(1),미배정,6
timetable,10006,정역학및연습,이헌우,10009,도시지공학실무(1),권용희,6
timetable,10007,측량학(1),최병길,10009,도시지공학실무(1),권용희,6
timetable,10009,도시지공학실무(1),권용희,10010,수리학(1),미배정,6
timetable,10011,구조역학(1),이헌우,10019,상수도시스템,장동우,6
timetable,10013,철근콘크리트및설계1,이승정,10017,건설경제성공학,미배정,6
timetable,10013,철근콘크리트및설계1,이승정,10019,상수도시스템,장동우,6
timetable,10017,건설경제성공학,미배정,10021,토질역학(2),우상인,6
timetable,10019,상수도시스템,장동우,10021,토질역학(2),우상인,6
timetable,10041,도시행정학,미배정,10044,도시사회학이론,최혜민,6
timetable,10048,도시조사분석방법론,최승준,10049,정부예산과경제,윤광진,6
timetable,10156,일본어문법,최은혁,10157,일본어학개론,조선영,6
timetable,10156,일본어문법,최은혁,10158,일본문화,하야사와 마사토,6
timetable,10157,일본어학개론,조선영,10158,일본문화,하야사와 마사토,6
timetable,10216,운동과스포츠생리학,황문현,10220,기능해부학,홍성현,6
timetable,10281,기초기능해부학,전경규,12006,대학영어회화1,캘럼 맥코,6
timetable,10282,웨이트트레이닝기초,김연휘,10287,운동생리학,이세원,6
timetable,10285,스포츠사회학,임새미,10287,운동생리학,이세원,6
timetable,10286,스포츠사회학,임새미,10290,농구,미배정,6
timetable,10286,스포츠사회학,임새미,12009,대학영어회화1,유원,6
timetable,10299,트레이닝방법론,변경호,10307,스포츠코칭,박상혁,6
timetable,10367,디자인 Thinking,이서진,10370,영상과디자인,유동현,6
timetable,10380,GUI디자인,이운형,10382,그래픽디자인,김시연,6
timetable,10380,GUI디자인,이운형,11984,대학영어회화1,캘럼 맥코,6
timetable,10381,그래픽디자인,김시연,10384,디자인구현프로그래밍,박동명,6
timetable,10397,비주얼스토리텔링,박지연,10401,시각디자인,이서진,6
timetable,10457,경영학원론,박현준,11572,Academic English,김상조,6
timetable,10458,회계원리(1),유영태,10460,세법총론,전흥재,6
timetable,10459,회계원리(1),유영태,11572,Academic English,김상조,6
timetable,10460,세법총론,전흥재,10464,원가회계,최평국,6
timetable,10460,세법총론,전흥재,10466,중급회계(1),김광태,6
timetable,10461,세법총론,전흥재,11572,Academic English,김상조,6
timetable,10475,데이터과학개론,박준성,10477,데이터과학을위한계량경영학,박준성,6
timetable,10475,데이터과학개론,박준성,10479,데이터애널리틱스,전용호,6
timetable,10479,데이터애널리틱스,전용호,10481,인공지능과머신러닝,이채현,6
timetable,10500,경영과학,김서영,10505,마케팅원론,허승,6
timetable,10517,전략경영,박현준,10519,SCM,김태호,6
timetable,10517,전략경영,박현준,10524,기업재무론,전용호,6
timetable,10552,마이크로컨트롤러구조,황광일,10556,임베디드구조,김현범,6
timetable,10555,운영체제,강석훈,10557,캡스턴디자인(1),황광일,6
timetable,10566,프로그래밍(1),김도엽,11552,Academic English,김상조,6
timetable,10575,ICT공학수학,김경원,10583,회로이론,전현채,6
timetable,10583,회로이론,전현채,10590,확률이론,안승환,6
timetable,10584,리눅스기초및프로그래밍,김영필,10586,전자계산기구조,조원서,6
timetable,10591,통신공학이론,이병주,10595,빅데이터프로그래밍,안승환,6
timetable,10621,이산수학,김지범,10622,컴퓨터공학개론,전혜경,6
timetable,10631,데이터프로그래밍,이장호,10636,Java언어,허혜선,6
timetable,10633,자료구조,안재균,10643,정보보호개론,민병준,6
timetable,10634,자료구조,안재균,10640,시뮬레이션 기초 및 실습,김지범,6
timetable,10634,자료구조,안재균,10642,정보보호개론,민병준,6
timetable,10635,Java언어,허혜선,10639,디지털공학,김우일,6
timetable,10635,Java언어,허혜선,11938,대학영어회화1,코리 로슨,6
timetable,10639,디지털공학,김우일,10640,시뮬레이션 기초 및 실습,김지범,6
timetable,10641,시뮬레이션 기초 및 실습,김지범,11939,대학영어회화1,"캘럼 맥코
트",6
timetable,10644,기계학습,이상엽,10648,데이터베이스,이상엽,6
timetable,10648,데이터베이스,이상엽,10651,운영체제,한재현,6
timetable,10648,데이터베이스,이상엽,10654,데이터통신,최승식,6
timetable,10651,운영체제,한재현,10658,컴파일러설계,홍윤식,6
timetable,10654,데이터통신,최승식,10658,컴파일러설계,홍윤식,6
timetable,10673,대학수학(1),우현명,10676,공학프로그래밍,김우용,6
timetable,10674,화학생물,이탁기,10676,공학프로그래밍,김우용,6
timetable,10676,공학프로그래밍,김우용,10677,자기설계세미나,박상인,6
timetable,10676,공학프로그래밍,김우용,10678,정역학,박상인,6
timetable,10680,전기회로실험,조영욱,10681,공업수학(2),윤종윤,6
timetable,10680,전기회로실험,조영욱,10682,재료역학,한유성,6
timetable,10680,전기회로실험,조영욱,10683,전기회로,조영욱,6
timetable,10685,설계공학,박상인,10690,생체신호및시스템,정현두,6
timetable,10685,설계공학,박상인,10691,수치해석,한유성,6
timetable,10686,자동제어,김우용,10690,생체신호및시스템,정현두,6
timetable,10686,자동제어,김우용,10691,수치해석,한유성,6
timetable,10690,생체신호및시스템,정현두,10693,확률및통계,우현명,6
timetable,10707,유체역학,박민범,10715,고분자공학,박영돈,6
timetable,10707,유체역학,박민범,10717,화공수치해석개론,김종우,6
timetable,10710,공정설계및제어,김종우,10713,에너지화공기초실험,노윤호,6
timetable,10710,공정설계및제어,김종우,10717,화공수치해석개론,김종우,6
timetable,10713,에너지화공기초실험,노윤호,10714,열전달,이재훈,6
timetable,10714,열전달,이재훈,10715,고분자공학,박영돈,6
timetable,10742,방화공학,이민철,10743,산업안전심리,백동현,6
timetable,10752,에너지재료공학개론,이미경,11918,대학영어회화1,"티모시 톰
슨",6
timetable,10755,현대물리학,이한보람,11918,대학영어회화1,"티모시 톰
슨",6
timetable,10758,재료컴퓨터해석,장태후,10761,재료물리화학(2),장태후,6
timetable,10758,재료컴퓨터해석,장태후,10762,재료전자기학,장태후,6
timetable,10759,반도체나노공정1,이한보람,10762,재료전자기학,장태후,6
timetable,10773,확률및통계(1),류도현,10776,인간공학,최서빈,6
timetable,10773,확률및통계(1),류도현,10778,확정적경영과학,이종헌,6
timetable,10774,확률및통계(1),류도현,10775,인간공학,최서빈,6
timetable,10774,확률및통계(1),류도현,11917,대학영어회화1,"티모시 톰
슨",6
timetable,10776,인간공학,최서빈,11917,대학영어회화1,"티모시 톰
슨",6
timetable,10776,인간공학,최서빈,11920,대학영어회화1,"캘럼 맥코
트",6
timetable,10778,확정적경영과학,이종헌,11917,대학영어회화1,"티모시 톰
슨",6
timetable,10779,데이터베이스,이세린,11917,대학영어회화1,"티모시 톰
슨",6
timetable,10781,제품개발프로세스,박기정,10785,데이터마이닝,류도현,6
timetable,10783,품질공학,정영배,10786,생산통제,김병수,6
timetable,10786,생산통제,김병수,10788,최적화모형및응용,이종헌,6
timetable,10796,회로이론및실습,송준영,10823,복소함수및벡터,구경헌,6
timetable,10796,회로이론및실습,송준영,10835,전자기학,서정현,6
timetable,10799,회로이론,박창주,10830,디지털실험,이경순,6
timetable,10800,회로이론,김태훈,10836,전자기학,서정현,6
timetable,10802,전파공학,윤영노,10839,반도체소자,정은교,6
timetable,10802,전파공학,윤영노,10853,인공지능,조환호,6
timetable,10803,전파공학,윤영노,10852,신호및시스템,변상원,6
timetable,10810,대학수학(1),이혜경,10819,소프트웨어입문,김교선,6
timetable,10816,선형대수학,변윤식,10819,소프트웨어입문,김교선,6
timetable,10823,복소함수및벡터,구경헌,10826,스마트시스템입문,조정완,6
timetable,10824,스마트시스템입문,김영현,10838,프로그래밍언어,최욱,6
timetable,10829,디지털실험,김영현,10836,전자기학,서정현,6
timetable,10830,디지털실험,이경순,10838,프로그래밍언어,최욱,6
timetable,10840,반도체소자,정은교,10854,인공지능,조환호,6
timetable,10844,전자회로,유종근,10849,전자회로실험,이병진,6
timetable,10850,전자회로실험,이병진,10853,인공지능,조환호,6
timetable,10852,신호및시스템,변상원,10853,인공지능,조환호,6
timetable,10868,공학수학(1),안덕주,10870,전기.전자기초실험,김준석,6
timetable,10868,공학수학(1),안덕주,10876,회로이론(1),정영식,6
timetable,10868,공학수학(1),안덕주,10878,기초반도체공학,MORE VIVEK MOHAN,6
timetable,10869,공학수학(1),안덕주,10881,전기에너지와이노베이션,김학만,6
timetable,10875,전자기학(1),이우찬,10878,기초반도체공학,MORE VIVEK MOHAN,6
timetable,10875,전자기학(1),이우찬,10880,응용선형대수,이동길,6
timetable,10875,전자기학(1),이우찬,12051,대학영어회화1,데이비드,6
timetable,10878,기초반도체공학,MORE VIVEK MOHAN,10881,전기에너지와이노베이션,김학만,6
timetable,10883,전기실험(2),윤주형,10891,신호및시스템,이명훈,6
timetable,10883,전기실험(2),윤주형,10894,전기응용,우정민,6
timetable,10884,전기실험(2),윤주형,10888,전기물성론,김준동,6
timetable,10884,전기실험(2),윤주형,10889,전력전자공학,최현규,6
timetable,10884,전기실험(2),윤주형,10892,에너지발생 및 운용,김용하,6
timetable,10886,전기기기(1),강동우,10889,전력전자공학,최현규,6
timetable,10889,전력전자공학,최현규,10893,인공지능개론,이명훈,6
timetable,10896,무선에너지변환,안덕주,10897,송배전설계,서재완,6
timetable,10896,무선에너지변환,안덕주,10898,신재생에너지공학,김학만,6
timetable,10936,고체역학1,박동삼,10941,기계재료,전태성,6
timetable,10936,고체역학1,박동삼,10943,기계재료,이태선,6
timetable,10936,고체역학1,박동삼,11882,대학영어회화1,"캘럼 맥코
트",6
timetable,10937,고체역학1,박형범,10943,기계재료,이태선,6
timetable,10940,공업열역학1,김상문,10943,기계재료,이태선,6
timetable,10940,공업열역학1,김상문,10945,전기전자공학개론,김태우,6
timetable,10949,수치해석,김백진,10961,유체역학(2),한민섭,6
timetable,10950,수치해석,한민섭,10956,기계공작법,구상모,6
timetable,10950,수치해석,한민섭,10961,유체역학(2),한민섭,6
timetable,10953,응용기계수학1,신성수,10954,기계공작법,이태선,6
timetable,10954,기계공작법,이태선,10961,유체역학(2),한민섭,6
timetable,10956,기계공작법,구상모,10958,기계진동,남동호,6
timetable,10966,MEMS개론,김경태,10968,기계공학실험,남동호,6
timetable,11016,e-biz개론,유병국,11027,국제통상론,고보민,6
timetable,11017,국제무역론,이윤,11024,물류개론,안영효,6
timetable,11017,국제무역론,이윤,11033,국제무역보험론,김규진,6
timetable,11018,국제무역론,이윤,11023,물류개론,안영효,6
timetable,11025,물류개론,안영효,11033,국제무역보험론,김규진,6
timetable,11027,국제통상론,고보민,11030,국제거래규범,김규진,6
timetable,11027,국제통상론,고보민,11033,국제무역보험론,김규진,6
timetable,11030,국제거래규범,김규진,11036,서비스마케팅론,이루리,6
timetable,11036,서비스마케팅론,이루리,11037,통계실습,유병국,6
timetable,11056,경제통계기초,김선진,11059,미시경제학,오태희,6
timetable,11058,경제사,양준호,11063,수리경제학,이장연,6
timetable,11058,경제사,양준호,11064,시사경제1,황선길,6
timetable,11059,미시경제학,오태희,11064,시사경제1,황선길,6
timetable,11059,미시경제학,오태희,11065,정치경제학,이갑영,6
timetable,11066,공정경쟁과산업분석,이기환,11070,농업과푸드시스템의경제학,이명헌,6
timetable,11069,기초계량경제학,오태희,11071,화폐금융론,황상연,6
timetable,11128,기록과사회,신정엽,11751,AI사고와데이터리터러시,이선아,6
timetable,11129,문헌정보학개론,황정의,11751,AI사고와데이터리터러시,이선아,6
timetable,11130,자료목록법,황정의,11132,데이터분석과시각화,장수현,6
timetable,11134,기록관리,조재인,11135,정보시스템구축론,박종도,6
timetable,11148,광고입문,박진성,11150,디지털영상제작(1),장태희,6
timetable,11220,현대패션콘텐츠,박은경,11223,패션디자인스튜디오I,이현승,6
timetable,11231,대학수학(1),이정찬,11232,일반물리학(1),미배정,6
timetable,11231,대학수학(1),이정찬,11236,일반생물학(1),미배정,6
timetable,11231,대학수학(1),이정찬,11240,일반화학(1),방지원,6
timetable,11232,일반물리학(1),미배정,11236,일반생물학(1),미배정,6
timetable,11232,일반물리학(1),미배정,11240,일반화학(1),방지원,6
timetable,11236,일반생물학(1),미배정,11240,일반화학(1),방지원,6
timetable,11249,무기화학(1),김강우,11250,물리화학실험,방지원,6
timetable,11249,무기화학(1),김강우,11251,물리화학실험,이창민,6
timetable,11249,무기화학(1),김강우,11253,생화학(1),강동구,6
timetable,11276,일반역학(1),김병훈,11279,물리프로그래밍,엇후 도르츠,6
timetable,11278,물리연구소개,박영미,11281,수리물리학(1),엇후 도르츠,6
timetable,11282,계측실험1,김진영,11284,양자역학(1),이기훈,6
timetable,11284,양자역학(1),이기훈,11286,반도체물리학,이진호,6
timetable,11285,전자기학(2),박영미,11286,반도체물리학,이진호,6
timetable,11304,해석학(1),문병수,11306,매듭론,배영진,6
timetable,11308,미분기하학(1),유성민,11311,수리통계학응용,최원,6
timetable,11309,복소함수론1,김인현,11311,수리통계학응용,최원,6
timetable,11319,중국사개론,이용운,11320,기초중국어1,최윤경,6
timetable,11328,중국전통사상,조봉래,11329,중국학강독,조봉래,6
timetable,11328,중국전통사상,조봉래,11330,중국학강독,이재천,6
timetable,11469,영어회화(3),알라나 커밍스,11472,영어학입문,김정태,6
timetable,11592,Academic English,김연정,11730,AI시대의글쓰기이론과실제,윤숙,6
wishlist,9045,(HUSS국립부경대)과거사청산과포용의문화,미배정,9049,(HUSS국립부경대)사회복지역사,미배정,6
wishlist,9045,(HUSS국립부경대)과거사청산과포용의문화,미배정,9065,(HUSS)디지털포용과스타트업창업실무,박영은,6
wishlist,9046,(HUSS대구대)오디세이프로젝트3전쟁과평화,미배정,9047,(HUSS서강대)인물로본포용사회의역사,미배정,6
wishlist,9046,(HUSS대구대)오디세이프로젝트3전쟁과평화,미배정,9048,(HUSS서강대)포용사회주제세미나,미배정,6
wishlist,9046,(HUSS대구대)오디세이프로젝트3전쟁과평화,미배정,9049,(HUSS국립부경대)사회복지역사,미배정,6
wishlist,9047,(HUSS서강대)인물로본포용사회의역사,미배정,9049,(HUSS국립부경대)사회복지역사,미배정,6
wishlist,9048,(HUSS서강대)포용사회주제세미나,미배정,9049,(HUSS국립부경대)사회복지역사,미배정,6
wishlist,9155,MBTI로찾아가는나의책,박상원,9198,심리학의이해,박준성,6
wishlist,9198,심리학의이해,박준성,9202,심리학의이해,서신화,6
wishlist,9198,심리학의이해,박준성,9345,성격과인간심리의이해,서신화,6
wishlist,9199,심리학의이해,서신화,9345,성격과인간심리의이해,서신화,6
wishlist,9200,심리학의이해,박준성,9201,심리학의이해,서신화,6
wishlist,9202,심리학의이해,서신화,9206,영화속바이러스의이해,예정용,6
wishlist,9203,알기쉬운통계원리,최원,9207,영화속으로들어간클래식음악,김상림,6
wishlist,9206,영화속바이러스의이해,예정용,9275,결혼과가족,류민영,6
wishlist,9280,경제적자유를위한투자기술,유영태,9341,생활속의경제원리,오경희,6
wishlist,9302,동물과인간사회,이종구,9337,삶과천문학,김민수,6
wishlist,9313,문학의숲에서치유를만나다,전미정,9345,성격과인간심리의이해,서신화,6
wishlist,9367,연극예술과문화생활,박근수,9375,영화예술과문화생활,박근수,6
wishlist,9684,민사소송법(1),김호,9688,국제투자법,장석영,6
wishlist,10364,평면과디자인,문해원,10367,디자인 Thinking,이서진,6
wishlist,10385,레이아웃디자인,전혜연,10386,레이아웃디자인,전혜연,6
wishlist,10489,경영학원론,박현준,10492,회계원리,이현주,6
wishlist,10489,경영학원론,박현준,10493,회계원리,이현주,6
wishlist,10491,회계원리,이창현,10492,회계원리,이현주,6
wishlist,10492,회계원리,이현주,10493,회계원리,이현주,6
wishlist,10497,MIS개론,박천웅,10499,MIS개론,김태훈,6
wishlist,10508,마케팅원론,박은하,10509,마케팅원론,박은하,6
wishlist,10644,기계학습,이상엽,10645,기계학습,김인수,6
wishlist,10644,기계학습,이상엽,10647,데이터베이스,박기석,6
wishlist,10644,기계학습,이상엽,10649,운영체제,미배정,6
wishlist,10645,기계학습,김인수,10649,운영체제,미배정,6
wishlist,10645,기계학습,김인수,10650,운영체제,박문주,6
wishlist,10645,기계학습,김인수,10651,운영체제,한재현,6
wishlist,10646,데이터베이스,박기석,10647,데이터베이스,박기석,6
wishlist,10647,데이터베이스,박기석,10651,운영체제,한재현,6
wishlist,10773,확률및통계(1),류도현,10774,확률및통계(1),류도현,6
wishlist,10773,확률및통계(1),류도현,10777,확정적경영과학,이종헌,6
wishlist,10774,확률및통계(1),류도현,10775,인간공학,최서빈,6
wishlist,10780,제품개발프로세스,박기정,10781,제품개발프로세스,박기정,6
wishlist,10796,회로이론및실습,송준영,10836,전자기학,서정현,6
wishlist,10798,회로이론,박창주,10835,전자기학,서정현,6
wishlist,10798,회로이론,박창주,10836,전자기학,서정현,6
wishlist,10799,회로이론,박창주,10823,복소함수및벡터,구경헌,6
wishlist,10799,회로이론,박창주,10824,스마트시스템입문,김영현,6
wishlist,10800,회로이론,김태훈,10829,디지털실험,김영현,6
wishlist,10815,선형대수학,변윤식,10816,선형대수학,변윤식,6
wishlist,10815,선형대수학,변윤식,10817,선형대수학,변윤식,6
wishlist,10821,복소함수및벡터,구경헌,10824,스마트시스템입문,김영현,6
wishlist,10821,복소함수및벡터,구경헌,10827,스마트시스템입문,김영현,6
wishlist,10822,복소함수및벡터,구경헌,10827,스마트시스템입문,김영현,6
wishlist,10823,복소함수및벡터,구경헌,10826,스마트시스템입문,조정완,6
wishlist,10823,복소함수및벡터,구경헌,10827,스마트시스템입문,김영현,6
wishlist,10823,복소함수및벡터,구경헌,10830,디지털실험,이경순,6
wishlist,10823,복소함수및벡터,구경헌,10837,프로그래밍언어,최욱,6
wishlist,10824,스마트시스템입문,김영현,10830,디지털실험,이경순,6
wishlist,10824,스마트시스템입문,김영현,10838,프로그래밍언어,최욱,6
wishlist,10826,스마트시스템입문,조정완,10836,전자기학,서정현,6
wishlist,10826,스마트시스템입문,조정완,10837,프로그래밍언어,최욱,6
wishlist,10827,스마트시스템입문,김영현,10829,디지털실험,김영현,6
wishlist,10827,스마트시스템입문,김영현,10837,프로그래밍언어,최욱,6
wishlist,10827,스마트시스템입문,김영현,10838,프로그래밍언어,최욱,6
wishlist,10829,디지털실험,김영현,10833,전자기학,전석희,6
wishlist,10829,디지털실험,김영현,10835,전자기학,서정현,6
wishlist,10830,디지털실험,이경순,10835,전자기학,서정현,6
wishlist,10833,전자기학,전석희,10834,전자기학,전석희,6
wishlist,10837,프로그래밍언어,최욱,10838,프로그래밍언어,최욱,6
wishlist,10839,반도체소자,정은교,10847,전자회로실험,유종근,6
wishlist,10840,반도체소자,정은교,10846,전자회로실험,이병진,6
wishlist,10840,반도체소자,정은교,10851,신호및시스템,변상원,6
wishlist,10842,전자회로,유종근,10844,전자회로,유종근,6
wishlist,10842,전자회로,유종근,10851,신호및시스템,변상원,6
wishlist,10842,전자회로,유종근,10854,인공지능,조환호,6
wishlist,10843,전자회로,유종근,10845,전자회로,유종근,6
wishlist,10845,전자회로,유종근,10847,전자회로실험,유종근,6
wishlist,10845,전자회로,유종근,10848,전자회로실험,유종근,6
wishlist,10845,전자회로,유종근,10849,전자회로실험,이병진,6
wishlist,10845,전자회로,유종근,10853,인공지능,조환호,6
wishlist,10846,전자회로실험,이병진,10851,신호및시스템,변상원,6
wishlist,10847,전자회로실험,유종근,10848,전자회로실험,유종근,6
wishlist,10857,캡스턴디자인1,홍연찬,10862,제어공학,유세선,6
wishlist,10869,공학수학(1),안덕주,10875,전자기학(1),이우찬,6
wishlist,10869,공학수학(1),안덕주,10881,전기에너지와이노베이션,김학만,6
wishlist,10875,전자기학(1),이우찬,10877,회로이론(1),정영식,6
wishlist,10875,전자기학(1),이우찬,10881,전기에너지와이노베이션,김학만,6
wishlist,10936,고체역학1,박동삼,10939,공업열역학1,김상문,6
wishlist,10995,가계재무상담,곽민주,10998,신용관리론,곽민주,6
wishlist,11017,국제무역론,이윤,11023,물류개론,안영효,6
wishlist,11017,국제무역론,이윤,11024,물류개론,안영효,6
wishlist,11023,물류개론,안영효,11024,물류개론,안영효,6
timetable,9090,NCS의 이해,취업경력개발원,9092,공직사회의이해,미배정,5
timetable,9090,NCS의 이해,취업경력개발원,9108,커리어로드맵,취업경력개발원,5
timetable,9126,교육평가,김성연,10139,수학교과교육론,왕효원,5
timetable,9126,교육평가,김성연,10140,해석학,윤영훈,5
timetable,9126,교육평가,김성연,10142,조합및그래프이론,하구용,5
timetable,9126,교육평가,김성연,10143,집합론,장규환,5
timetable,9154,INU전공탐구,융합자유전공대학,11592,Academic English,김연정,5
timetable,9155,MBTI로찾아가는나의책,박상원,9199,심리학의이해,서신화,5
timetable,9155,MBTI로찾아가는나의책,박상원,9207,영화속으로들어간클래식음악,김상림,5
timetable,9204,열린사회와다문화,정선주,9794,물리화학,양기석,5
timetable,9204,열린사회와다문화,정선주,9795,유기화학(1),박경민,5
timetable,9204,열린사회와다문화,정선주,9796,미생물공학,이동택,5
timetable,9204,열린사회와다문화,정선주,9798,식품공학개론,서명지,5
timetable,9207,영화속으로들어간클래식음악,김상림,9374,영화로배우는독성학개론,예정용,5
timetable,9254,Introduction to Film and Media Studies,조지민,9288,기업가정신,창업지원단,5
timetable,9288,기업가정신,창업지원단,9325,미생물학입문,교육혁신본부,5
timetable,9288,기업가정신,창업지원단,9374,영화로배우는독성학개론,예정용,5
timetable,9300,대중매체속바이오테크놀로지,예정용,9366,역사초보자를위한한국사엿보기,교육혁신본부,5
timetable,9327,배움특강,학생취업처,9376,예술과친구하기,이계원,5
timetable,9327,배움특강,학생취업처,12152,4차산업혁명기술과자동차이야기,OCU,5
timetable,9367,연극예술과문화생활,박근수,9375,영화예술과문화생활,박근수,5
timetable,9374,영화로배우는독성학개론,예정용,9376,예술과친구하기,이계원,5
timetable,9671,민법총칙,맹광호,9674,법학개론,노영돈,5
timetable,9679,헌법(2),김영진,9685,형사소송법,정배근,5
timetable,9683,민사소송법(1),김호,9693,국제기구법,장석영,5
timetable,9683,민사소송법(1),김호,9694,법여성학,김수진,5
timetable,9693,국제기구법,장석영,9696,상속법,진도왕,5
timetable,9729,화물운송론,이향숙,9734,계량물류분석론,송상화,5
timetable,9745,거시경제론,김부용,9754,일본어독해작문(2),기타우치 다이토,5
timetable,9745,거시경제론,김부용,9759,중급일본어회화,기타우치 다이토,5
timetable,9750,미시데이터분석,김지영,9753,일본경제론,김종인,5
timetable,9750,미시데이터분석,김지영,12119,대학영어회화1,Cruz Jr2Fidel,5
timetable,9753,일본경제론,김종인,9754,일본어독해작문(2),기타우치 다이토,5
timetable,9753,일본경제론,김종인,9759,중급일본어회화,기타우치 다이토,5
timetable,9786,나노바이오실험1,이승호,9787,세포생물학,이승호,5
timetable,9786,나노바이오실험1,이승호,9788,뇌공학,양성구,5
timetable,9787,세포생물학,이승호,9790,바이오전자공학,미배정,5
timetable,9787,세포생물학,이승호,9793,인체생리학,양성구,5
timetable,9788,뇌공학,양성구,9790,바이오전자공학,미배정,5
timetable,9788,뇌공학,양성구,9791,종합설계및세미나1,송영준,5
timetable,9788,뇌공학,양성구,9793,인체생리학,양성구,5
timetable,9789,바이오 센서 공학,한상길,9790,바이오전자공학,미배정,5
timetable,9795,유기화학(1),박경민,9819,일반화학(1),그레고리 아이작 피터슨,5
timetable,9799,분자생물학,장성호,9803,유전공학,황병희,5
timetable,9800,생명공학세미나 1,이동택,9803,유전공학,황병희,5
timetable,9800,생명공학세미나 1,이동택,9804,의학공학,박경민,5
timetable,9801,생명공학실험 2,미배정,9803,유전공학,황병희,5
timetable,9801,생명공학실험 2,미배정,9804,의학공학,박경민,5
timetable,9816,일반생물학실험(1),장성호,9818,일반화학(1),그레고리 아이작 피터슨,5
timetable,9821,일반화학실험(1),방지원,9824,자기설계세미나 I,장성호,5
timetable,9832,생화학,이미수,9835,미생물학,예정용,5
timetable,9833,유기화학,봉지홍,9835,미생물학,예정용,5
timetable,9837,유전학,박준태,9841,발생생물학및줄기세포학,이미수,5
timetable,9866,대학수학(1),김기태,9870,생물학기초(1),박준태,5
timetable,9868,물리학,유상구,9870,생물학기초(1),박준태,5
timetable,9869,물리학,유상구,9880,화학,권태현,5
timetable,9870,생물학기초(1),박준태,9874,생물학기초실험(1),봉지홍,5
timetable,9870,생물학기초(1),박준태,9876,자기설계세미나 I,박준태,5
timetable,9870,생물학기초(1),박준태,9881,화학실험,강동구,5
timetable,9874,생물학기초실험(1),봉지홍,9880,화학,권태현,5
timetable,9876,자기설계세미나 I,박준태,9880,화학,권태현,5
timetable,9880,화학,권태현,9883,화학실험,그레고리 아이작 피터슨,5
timetable,9886,건축환경,이동석,9887,서양건축사,신은기,5
timetable,9921,건축설비(1),이세진,9922,철근콘크리트구조1,천성철,5
timetable,9926,건축실시설계,박지훈,9928,건축경제,구충완,5
timetable,9926,건축실시설계,박지훈,9930,친환경건축설비,장현숙,5
timetable,9932,대학수학(1),이혜경,9935,건축기초설계1,김한규,5
timetable,9932,대학수학(1),이혜경,9948,건축개론,김한규,5
timetable,9935,건축기초설계1,김한규,11719,AI시대의글쓰기이론과실제,박상원,5
timetable,9948,건축개론,김한규,11719,AI시대의글쓰기이론과실제,박상원,5
timetable,9957,도시공간정보기초,강준오,9962,도시경제학,권기현,5
timetable,9959,도시토지이용계획,엄현주,9960,교통공학개론,최현주,5
timetable,9959,도시토지이용계획,엄현주,9962,도시경제학,권기현,5
timetable,9997,선형대수학,신희수,9999,일반물리(1),김영찬,5
timetable,9997,선형대수학,신희수,10001,지구시스템과학,강정구,5
timetable,9997,선형대수학,신희수,10003,건설환경공학개론,박정희,5
timetable,9999,일반물리(1),김영찬,10003,건설환경공학개론,박정희,5
timetable,10004,확률및통계,김경희,10007,측량학(1),최병길,5
timetable,10012,수문학,미배정,10017,건설경제성공학,미배정,5
timetable,10012,수문학,미배정,10019,상수도시스템,장동우,5
timetable,10015,토질실험,박정희,10019,상수도시스템,장동우,5
timetable,10017,건설경제성공학,미배정,10019,상수도시스템,장동우,5
timetable,10041,도시행정학,미배정,10043,도시계획론,최승준,5
timetable,10044,도시사회학이론,최혜민,10049,정부예산과경제,윤광진,5
timetable,10048,도시조사분석방법론,최승준,10051,도시교통계획론,양욱재,5
timetable,10139,수학교과교육론,왕효원,10141,미분방정식,이동선,5
timetable,10140,해석학,윤영훈,10141,미분방정식,이동선,5
timetable,10141,미분방정식,이동선,10142,조합및그래프이론,하구용,5
timetable,10141,미분방정식,이동선,10143,집합론,장규환,5
timetable,10156,일본어문법,최은혁,10159,일본어강독,최현필,5
timetable,10157,일본어학개론,조선영,10159,일본어강독,최현필,5
timetable,10158,일본문화,하야사와 마사토,10159,일본어강독,최현필,5
timetable,10216,운동과스포츠생리학,황문현,10224,스포츠경제학,성호준,5
timetable,10220,기능해부학,홍성현,10224,스포츠경제학,성호준,5
timetable,10224,스포츠경제학,성호준,10229,장애및질환에따른신체활동,김동일,5
timetable,10230,생체역학,김남웅,10232,운동부하검사,미배정,5
timetable,10230,생체역학,김남웅,10234,하지운동손상평가,미배정,5
timetable,10232,운동부하검사,미배정,10234,하지운동손상평가,미배정,5
timetable,10280,기초기능해부학,전경규,10286,스포츠사회학,임새미,5
timetable,10281,기초기능해부학,전경규,10283,웨이트트레이닝기초,미배정,5
timetable,10281,기초기능해부학,전경규,10284,웨이트트레이닝기초,정국현,5
timetable,10282,웨이트트레이닝기초,김연휘,10285,스포츠사회학,임새미,5
timetable,10283,웨이트트레이닝기초,미배정,10289,New sports1,우희준,5
timetable,10284,웨이트트레이닝기초,정국현,10287,운동생리학,이세원,5
timetable,10286,스포츠사회학,임새미,12012,대학영어회화1,데이비드,5
timetable,10287,운동생리학,이세원,10289,New sports1,우희준,5
timetable,10288,운동생리학,이세원,10290,농구,미배정,5
timetable,10289,New sports1,우희준,10290,농구,미배정,5
timetable,10370,영상과디자인,유동현,11762,AI사고와데이터리터러시,황태준,5
timetable,10376,기초제품디자인,조유석,10380,GUI디자인,이운형,5
